Artist,Title,Year,URL
Zartmann,Tau mich auf,2025,https://www.youtube.com/watch?v=mRsfUm8YpTc
Alex Warren,Ordinary,2025,https://www.youtube.com/watch?v=byxFUKxhT3s
Apache 207,Morgen,2025,https://www.youtube.com/watch?v=Dtq0eUH1DFM
Lady Gaga,Abracadabra,2025,https://www.youtube.com/watch?v=LXuSOkf2M3c
Ed Sheeran,Azizam,2025,https://www.youtube.com/watch?v=mLOndf14-v0
Taylor Swift,The Fate of Ophelia,2025,https://www.youtube.com/watch?v=rbmdfEQODOw
Filow & Ikkimel,Jiggy,2025,https://www.youtube.com/watch?v=rOzXmPML9iQ
KPop Demon Hunters (Huntr/x),Golden,2025,https://www.youtube.com/watch?v=yebNIHKAC4A
Oimara,Wackelkontakt,2024,https://www.youtube.com/watch?v=1SXQfd8f-o0
Rosé / Bruno Mars,APT.,2024,https://www.youtube.com/watch?v=ekr2nIex040
"$oho Bani, Herbert Grönemeyer, Ericson","Zeit, dass sich was dreht",2024,https://www.youtube.com/watch?v=GwTveAHmDp8
Linkin Park,The Emptiness Machine,2024,https://www.youtube.com/watch?v=SRXH9AbT280
Gracie Abrams,That's So True,2024,https://www.youtube.com/watch?v=G_lNBrDJQC8
Lola Young,Messy,2024,https://www.youtube.com/watch?v=k-k2_Liofy8
Lady Gaga & Bruno Mars,Die With A Smile,2024,https://www.youtube.com/watch?v=kPa7bsKwL-c
Nina Chuba,Fata Morgana,2024,https://www.youtube.com/watch?v=ZMocW1Esxk4
Artemas,I Like The Way You Kiss Me,2024,https://www.youtube.com/watch?v=evJ6gX1lp2o
Ayliva x Apache 207,Wunder,2024,https://www.youtube.com/watch?v=m6bf0ItI2-8
Benson Boone,Beautiful Things,2024,https://www.youtube.com/watch?v=Oa_RSwwpPaA
Mark Ambor,Belong Together,2024,https://www.youtube.com/watch?v=xPWnNFF-TAw
Shirin David,Bauch Beine Po,2024,https://www.youtube.com/watch?v=U5R9dA9EeB8
Sabrina Carpenter,Espresso,2024,https://www.youtube.com/watch?v=51zjlMhdSTE
Eminem,Houdini,2024,https://www.youtube.com/watch?v=fTMEMPA7eeA
Billie Eilish,Birds of a Feather,2024,https://www.youtube.com/watch?v=d5gf9dXbPi0
Linkin Park,Heavy Is the Crown,2024,https://www.youtube.com/watch?v=ZAt8oxY0GQo
Beyoncé,Texas Hold 'Em,2024,https://www.youtube.com/watch?v=jCOX8dT9q8M
Djo,End of beginning,2024,https://www.youtube.com/watch?v=B3Z4XGAxJB0
Helene Fischer & Florian Silbereisen,Schau mal herein,2024,https://www.youtube.com/watch?v=r5JJ7juJoxw
JEREMIAS,Meer,2024,https://www.youtube.com/watch?v=i82e9mM9SZY
AYLIVA,Lilien,2024,https://www.youtube.com/watch?v=_SG9sAww9pw
SDP x Sido x Esther Graf,Mama hat gesagt,2024,https://www.youtube.com/watch?v=GdAyJRCNwuQ
Jazeek,Akon,2024,https://www.youtube.com/watch?v=eZlFOSbgDlo
Ariana Grande,"yes, and?",2024,https://www.youtube.com/watch?v=RSSUa2qW4tc
Jung Kook,Standing Next to You,2024,https://www.youtube.com/watch?v=eUvQwsDWc64
Dardan & Azet,Malli,2024,https://www.youtube.com/watch?v=1yQ0Sdb59MU
HAVA,Sag mir nicht,2024,https://www.youtube.com/watch?v=5oG0oJgKhIg
David Guetta & OneRepublic,I Don't Wanna Wait,2024,https://www.youtube.com/watch?v=SxooGdQ3oew
Nina Chuba,NINA,2024,https://www.youtube.com/watch?v=bnUgu2WvXU8
Soffie,Für immer Frühling,2024,https://www.youtube.com/watch?v=zSryeV-hOxk
Teddy Swims,Bad Dreams,2024,https://www.youtube.com/watch?v=MTCRNCD2s5I
Jazeek,Ma Baby,2024,https://www.youtube.com/watch?v=TbM-Ze433oM
Montez,glücklich,2024,https://www.youtube.com/watch?v=i6rU06PNGuw
Hozier,Too Sweet,2024,https://www.youtube.com/watch?v=aezstCBHOPQ
Shaboozey,A Bar Song (Tipsy),2024,https://www.youtube.com/watch?v=VQ0Sn4_LUcc
Sabrina Carpenter,Please Please Please,2024,https://www.youtube.com/watch?v=dxWXJmsDHE8
Chappell Roan,"Good Luck, Babe!",2024,https://www.youtube.com/watch?v=1RKqOmSkGgM
Taylor Swift,Fortnight (feat. Post Malone),2024,https://www.youtube.com/watch?v=V-iZOohyftg
Zartmann,2 Blocks,2024,https://www.youtube.com/watch?v=XF9rht-rS9k
Cyril,Stumblin' In,2023,https://www.youtube.com/watch?v=d5wURLqNTXE
Ofenbach feat. Norma Jean Martine,Overdrive,2023,https://www.youtube.com/watch?v=1sM89qLmd9Y
Tate McRae,Greedy,2023,https://www.youtube.com/watch?v=UTmZqY_arzk
Teddy Swims,Lose Control,2023,https://www.youtube.com/watch?v=QvvhiIevsX8
Udo Lindenberg & Apache 207,Komet,2023,https://www.youtube.com/watch?v=LEvlLtGYPwk
Miley Cyrus,Flowers,2023,https://www.youtube.com/watch?v=G7KNmW9a75Y
Peter Fox feat. Inéz,Zukunft Pink,2023,https://www.youtube.com/watch?v=WXlqCEJ9QZk
"Luca-Dante Spadafora, Niklas Dee & Octavian",Mädchen auf dem Pferd,2023,https://www.youtube.com/watch?v=TOb2NXx_GQo
Kenya Grace,Strangers,2023,https://www.youtube.com/watch?v=S2TaAcwC_zI
Apache 207,Breaking Your Heart,2023,https://www.youtube.com/watch?v=ibtkwzMr3QA
Olivia Rodrigo,Vampire,2023,https://www.youtube.com/watch?v=Fqey8LxQxFU
Ikkimel,KETA UND KRAWALL,2023,https://www.youtube.com/watch?v=4lsu19beN9E
"Ikke Hüftgold, Schürze & DJ Robin",Bumsbar,2023,https://www.youtube.com/watch?v=J4ragTi792A
Nina Chuba,Mangos mit Chili,2023,https://www.youtube.com/watch?v=49Klrq66XGs
GReeeN,Panama,2023,https://www.youtube.com/watch?v=u8_2CyBy_d8
WizTheMc x Bees & Honey,Show Me Love,2023,https://www.youtube.com/watch?v=Z3aduh5fxCo
Bennett,Vois sur ton chemin,2023,https://www.youtube.com/watch?v=f4gODZFkTJg
Cassö / Raye / D-Block Europe,Prada,2023,https://www.youtube.com/watch?v=zFMYL0XQ3lA
Ayliva feat. Mero,Sie weiß,2023,https://www.youtube.com/watch?v=inQJEetHQ1M
SIRA / Badchieff / Bausa,9 bis 9,2023,https://www.youtube.com/watch?v=Air9tGk6wFM
Yung Yury & Damn Yury,Tabu.,2023,https://www.youtube.com/watch?v=pV67OF8D8ps
"Ski Aggu, Joost & Otto Waalkes",Friesenjung,2023,https://www.youtube.com/watch?v=k9v93zJ1yXo
Ski Aggu / Joost / Otto Waalkes,Friesenjung,2023,https://www.youtube.com/watch?v=tT5mKDdPEr4
Ayliva,Hässlich,2023,https://www.youtube.com/watch?v=HEDxRhIRrgY
Doja Cat,Paint The Town Red,2023,https://www.youtube.com/watch?v=EiAMmYbr3vA
Alessandra,Queen of Kings,2023,https://www.youtube.com/watch?v=0dGztcPMm98
Billie Eilish,What Was I Made For?,2023,https://www.youtube.com/watch?v=dpnTd9Dx2OM
FIFTY FIFTY,Cupid,2023,https://www.youtube.com/watch?v=Qc7_zRjH808
Florian Künstler,Kleiner Finger Schwur,2023,https://www.youtube.com/watch?v=W4EIXSXxfVM
LINA,Egoist,2023,https://www.youtube.com/watch?v=zdQzJWsQrgw
Peggy Gou,(It Goes Like) Nanana,2023,https://www.youtube.com/watch?v=sCz5y84dwuA
Chappell Roan,HOT TO GO!,2023,https://www.youtube.com/watch?v=1mbbr-cJsrk
Dasha,Austin,2023,https://www.youtube.com/watch?v=5SfIh7atoe8
Selena Gomez,Single Soon,2023,https://www.youtube.com/watch?v=VUXRhZrOq8Y
Mitski,My Love Mine All Mine,2023,https://www.youtube.com/watch?v=CwGbMYLjIpQ
David Kushner,Daylight,2023,https://www.youtube.com/watch?v=73E0BnFs7S4
Dua Lipa,Houdini,2023,https://www.youtube.com/watch?v=YIvwCIwDQT8
Nina Chuba,Glatteis,2023,https://www.youtube.com/watch?v=Ejg6cVtmSSQ
Ski Aggu,Mietfrei,2023,https://www.youtube.com/watch?v=4KEVDSi5zCw
Jack Harlow,Lovin On Me,2023,https://www.youtube.com/watch?v=5HW9q3sxzSA
Taylor Swift,Is It Over Now?,2023,https://www.youtube.com/watch?v=tNxUxm3-658
Tyla,Water,2023,https://www.youtube.com/watch?v=wlmUnWLaeog
PinkPantheress / Ice Spice,Boy's a Liar Pt. 2,2023,https://www.youtube.com/watch?v=0BBK85ilscA
Tream,Herz mach Bamm,2023,https://www.youtube.com/watch?v=Prw23310e3E
Mia Julia,Peter Pan,2023,https://www.youtube.com/watch?v=dK2I0B-KI_Q
AnnenMayKantereit,Tommi,2023,https://www.youtube.com/watch?v=LTasjXFzMcA
"Joost, Ski Aggu & Otto Waalkes",Friesenjung,2023,https://www.youtube.com/watch?v=NqAY7L6MW7I
David Guetta & Bebe Rexha,I'm Good (Blue),2022,https://www.youtube.com/watch?v=90RLzVUuXe4
DJ Robin & Schürze,Layla,2022,https://www.youtube.com/watch?v=vQIIpesCiew
Harry Styles,As It Was,2022,https://www.youtube.com/watch?v=Qfm6nfz1QNQ
Nina Chuba,Wildberry Lillet,2022,https://www.youtube.com/watch?v=YScncKo0yRY
Sam Smith & Kim Petras,Unholy,2022,https://www.youtube.com/watch?v=QMGGaNynpLI
Rosa Linn,Snap,2022,https://www.youtube.com/watch?v=--eH76tgoNw
Rema,Calm Down,2022,https://www.youtube.com/watch?v=W50sgQV1pl0
James Hype & Miggy Dela Rosa,Ferrari,2022,https://www.youtube.com/watch?v=CgeleP7nWN0
Nina Chuba & Chapo102,Ich hass dich,2022,https://www.youtube.com/watch?v=oFl402T0NJU
Miksu / MacLoud / Makko,Nachts wach,2022,https://www.youtube.com/watch?v=hqznO-babNE
Luciano,Beautiful Girl,2022,https://www.youtube.com/watch?v=BWUR1e6fMtw
Miksu / MacLoud & T-Low,Sehnsucht,2022,https://www.youtube.com/watch?v=XQd6YzS1Ydg
Ayliva,Wie?,2022,https://www.youtube.com/watch?v=CLm6KSNKvAY
Luciano feat. Aitch & BIA,Bamba,2022,https://www.youtube.com/watch?v=wY6Sda966X4
Ion Miles / Sira / BHZ,Powerade,2022,https://www.youtube.com/watch?v=JuWJMrKH43E
Ava Max,Million Dollar Baby,2022,https://www.youtube.com/watch?v=Tk-z1PsiPeI
Imagine Dragons,Bones,2022,https://www.youtube.com/watch?v=mb-Cnwi9BqA
Lady Gaga,Hold My Hand,2022,https://www.youtube.com/watch?v=Yx3K3g4CtoQ
Leony,Remedy,2022,https://www.youtube.com/watch?v=pbstbd_psWQ
Badmómzjay,Signal,2022,https://www.youtube.com/watch?v=pTpcRhG2JEQ
Emilio,Ausmacht,2022,https://www.youtube.com/watch?v=ezPBSRS7XjI
JVKE,Golden Hour,2022,https://www.youtube.com/watch?v=jYEp86vn9EM
Kraftklub,Blaues Licht,2022,https://www.youtube.com/watch?v=V_uDXQshMI8
Shawn Mendes,When You're Gone,2022,https://www.youtube.com/watch?v=6THINTPNiP8
Twenty4tim,Galaxie,2022,https://www.youtube.com/watch?v=6iIRZXrnIKc
Lewis Capaldi,Forget Me,2022,https://www.youtube.com/watch?v=JoP24tvia94
OneRepublic,I Ain't Worried,2022,https://www.youtube.com/watch?v=42oK5vjD2UU
Imagine Dragons,Sharks,2022,https://www.youtube.com/watch?v=7j7twuejxvU
Ed Sheeran feat. Lil Baby,2step,2022,https://www.youtube.com/watch?v=ND2dz2G88zM
Lizzo,About Damn Time,2022,https://www.youtube.com/watch?v=JsOVJ1PAC6s
Tream,Lebenslang,2022,https://www.youtube.com/watch?v=jiVFxnUUAFU
Mia Julia & Lorenz Büffel,Der Zug hat keine Bremse,2022,https://www.youtube.com/watch?v=Sg4nv5uC-0w
Noah Kahan,Stick Season,2022,https://www.youtube.com/watch?v=iWG6apzIWAk
SZA,Kill Bill,2022,https://www.youtube.com/watch?v=SQnc1QibapQ
Bierkapitän,Lea,2022,https://www.youtube.com/watch?v=sPM-itlBzag
Ski Aggu,Party Sahne,2022,https://www.youtube.com/watch?v=Zg2W4s09zj4
Ikke Hüftgold,Ich schwanke noch,2022,https://www.youtube.com/watch?v=HBXUk6tEwvs
Harry Styles,Late Night Talking,2022,https://www.youtube.com/watch?v=F2asWuyW3aE
Jack Harlow,First Class,2022,https://www.youtube.com/watch?v=0_Snd-bNkRQ
Luciano,Bamba,2022,https://www.youtube.com/watch?v=wY6Sda966X4
makko / Miksu / Macloud,Nachts wach,2022,https://www.youtube.com/watch?v=ivsZ8P1RXac
t-low / Miksu / Macloud,Sehnsucht,2022,https://www.youtube.com/watch?v=XQd6YzS1Ydg
Tream,Zelten auf Kies,2022,https://www.youtube.com/watch?v=f17vdlW2Loc
Nina Chuba,Femminello,2022,https://www.youtube.com/watch?v=xUdNT_pTuhQ
Julian Sommer,Dicht im Flieger,2022,https://www.youtube.com/watch?v=Fh7MXS5fJK4
Rammstein,Dicke Titten,2022,https://www.youtube.com/watch?v=thJgU9jkdU4
Roy Bianco & Die Abbrunzati Boys,Bella Napoli,2022,https://www.youtube.com/watch?v=6O0Wyp7EgI8
Gayle,abcdefu,2021,https://www.youtube.com/watch?v=NaFd8ucHLuo
Ed Sheeran,Shivers,2021,https://www.youtube.com/watch?v=z2_Lrg6rRks
Lost Frequencies / Calum Scott,Where Are You Now,2021,https://www.youtube.com/watch?v=k7Q2kt_MZRk
Elton John & Dua Lipa,Cold Heart,2021,https://www.youtube.com/watch?v=oGZ1PVwJyPQ
Nathan Evans,Wellerman,2021,https://www.youtube.com/watch?v=qP-7GNoDJ5c
Ed Sheeran,Bad Habits,2021,https://www.youtube.com/watch?v=orJSJGHjBLI
Riton x Nightcrawlers feat. Mufasa & Hypeman,Friday (Dopamine Re-Edit),2021,https://www.youtube.com/watch?v=-BkcictxDCA
The Kid Laroi / Justin Bieber,Stay,2021,https://www.youtube.com/watch?v=yWHrYNP6j4k
atb x Topic x A7S,Your Love (9PM),2021,https://www.youtube.com/watch?v=pk1btLJQjTw
Olivia Rodrigo,Good 4 U,2021,https://www.youtube.com/watch?v=tmIO0eSAXrw
Bausa feat. Apache 207,Madonna,2021,https://www.youtube.com/watch?v=dKhBE_no8d8
Olivia Rodrigo,drivers license,2021,https://www.youtube.com/watch?v=ttRz03c208g
Adele,Easy On Me,2021,https://www.youtube.com/watch?v=X-yIEMduRXk
Lil Nas X,MONTERO (Call Me By Your Name),2021,https://www.youtube.com/watch?v=nsXwi67WgOo
Farruko,Pepas,2021,https://www.youtube.com/watch?v=acm6O4WwgBg
Pashanim,erstersommerohnedich,2021,https://www.youtube.com/watch?v=BRNcPu4THWQ
Montez,Auf & Ab,2021,https://www.youtube.com/watch?v=nYLsLLpSc_M
Pashanim,Sommergewitter,2021,https://www.youtube.com/watch?v=ih76IFYPevA
Beatrice Egli,"Alles, was du brauchst",2021,https://www.youtube.com/watch?v=DHnyPTJjJIo
Billie Eilish,Happier than ever,2021,https://www.youtube.com/watch?v=GPXy3jm8x8o
BTS,Butter,2021,https://www.youtube.com/watch?v=DbXMjAYSa68
HBZ,King Kong,2021,https://www.youtube.com/watch?v=psVuriSV1oA
Mark Forster & LEA,Drei Uhr nachts,2021,https://www.youtube.com/watch?v=Gi-m6WwznKg
Riton x Nightcrawlers ft. Mufasa & Hypeman,Friday,2021,https://www.youtube.com/watch?v=Ug6HES8QTTc
Sarah Connor,Bye Bye,2021,https://www.youtube.com/watch?v=cj8pFmX9fPQ
The Kid LAROI,WITHOUT YOU,2021,https://www.youtube.com/watch?v=JLViYST58cc
Wincent Weiss,Wer Wenn Nicht Wir,2021,https://www.youtube.com/watch?v=QhkQVoqMujs
Zoe Wees,Girls Like Us,2021,https://www.youtube.com/watch?v=l4EeYLrN_9g
Encanto,Nur kein Wort über Bruno,2021,https://www.youtube.com/watch?v=C9z4pN_Yaq0
Hava,Moje Sve,2021,https://www.youtube.com/watch?v=mtbRO8JQnAc
Jason Derulo,Acapulco,2021,https://www.youtube.com/watch?v=FlgRHpmvs_8
RIN,Meer,2021,https://www.youtube.com/watch?v=Zf470iSuoEQ
Wincent Weiss x Johannes Oerding,Die guten Zeiten,2021,https://www.youtube.com/watch?v=Swlxm_msl4k
Billie Eilish,Your Power,2021,https://www.youtube.com/watch?v=4FVXJ9xeKg4
Ed Sheeran & Elton John,Merry Christmas,2021,https://www.youtube.com/watch?v=iVxcIf9ubK4
LEA,Wenn Du Mich Lässt,2021,https://www.youtube.com/watch?v=RYqh4CcOlhc
Lost Frequencies ft. Calum Scott,Where Are You Now,2021,https://www.youtube.com/watch?v=k7Q2kt_MZRk
Marshmello & Jonas Brothers,Leave Before You Love Me,2021,https://www.youtube.com/watch?v=-vptQ2hGAD8
Clueso feat. Andreas Bourani,Willkommen Zurück,2021,https://www.youtube.com/watch?v=vFXI2QqGP2g
GAYLE,abc (nicer),2021,https://www.youtube.com/watch?v=86fmPr_N4CE
Vanessa Mai ft. Sido,Happy End,2021,https://www.youtube.com/watch?v=HWAp79d6BCE
Justin Bieber,Peaches,2021,https://www.youtube.com/watch?v=z-R4RKa97ZQ
Stephen Sanchez,Until I Found You,2021,https://www.youtube.com/watch?v=MlThQTo6D8A
Doja Cat,Kiss Me More,2021,https://www.youtube.com/watch?v=Ab6E2BsuLJ0
Måneskin,Zitti e buoni,2021,https://www.youtube.com/watch?v=8sMcLOpTtPA
Måneskin,I Wanna Be Your Slave,2021,https://www.youtube.com/watch?v=M6ZZKNPrSPw
Ayliva,Deine Schuld,2021,https://www.youtube.com/watch?v=3-dQOM6misw
1099,Frisch,2021,https://www.youtube.com/watch?v=V_sKq7HBeG0
Shirin David,Lieben wir,2021,https://www.youtube.com/watch?v=LOE4fNUkCrg
Schmyt,Keiner von den Quarterbacks,2021,https://www.youtube.com/watch?v=O-mqP4jjr-U
Badmómzjay,Tu nicht so,2021,https://www.youtube.com/watch?v=UQ6vpt-Jf0k
Finch & Blümchen,Herzi,2021,https://www.youtube.com/watch?v=FK9inJe4sag
Danger Dan,Das ist alles von der Kunstfreiheit gedeckt,2021,https://www.youtube.com/watch?v=bofdjvPM_ZI
Glass Animals,Heat Waves,2020,https://www.youtube.com/watch?v=rfTgO9rpqck
Tiësto,The Business,2020,https://www.youtube.com/watch?v=wJS9eb6_o00
The Weeknd,Save Your Tears,2020,https://www.youtube.com/watch?v=u6lihZAcy4s
Jawsh 685 & Jason Derulo,Savage Love (Laxed - Siren Beat),2020,https://www.youtube.com/watch?v=mUuyEX2M0gc
Joel Corry feat. MNEK,Head & Heart,2020,https://www.youtube.com/watch?v=XHljluR8fkg
Mark Forster,Übermorgen,2020,https://www.youtube.com/watch?v=mL2qsS_xrLg
Ufo361,Emotions,2020,https://www.youtube.com/watch?v=uSXzme--hvM
DaBaby feat. Roddy Ricch,Rockstar,2020,https://www.youtube.com/watch?v=83xBPCw5hh4
Apache 207,Fame,2020,https://www.youtube.com/watch?v=YPuUpulF1ag
24kGoldn feat. iann dior,Mood,2020,https://www.youtube.com/watch?v=2fvw0TkENHM
Pashanim,Airwaves,2020,https://www.youtube.com/watch?v=D0vwYRp97YU
Shirin David,90-60-111,2020,https://www.youtube.com/watch?v=7_MP-wbqVxg
Tate McRae,You Broke Me First,2020,https://www.youtube.com/watch?v=QXzC2eiHBG8
LUNA,Verlierer,2020,https://www.youtube.com/watch?v=hWbtcxs6toQ
Powfu feat. Beabadoobee,Death Bed (Coffee for Your Head),2020,https://www.youtube.com/watch?v=4N-WFXpBjpc
BTS,Dynamite,2020,https://www.youtube.com/watch?v=kK29Q_LpVUw
CÉLINE,Tränen aus Kajal,2020,https://www.youtube.com/watch?v=Q9OR2GkvRr0
Sarah Engels,Te Amo Mi Amor,2020,https://www.youtube.com/watch?v=gd_m0FkLqjY
Dua Lipa,Physical,2020,https://www.youtube.com/watch?v=SECICUOWPRc
1099,Durstlöscher,2020,https://www.youtube.com/watch?v=49Zb8XNx86k
Provinz,Was uns high macht,2020,https://www.youtube.com/watch?v=H-jILmoxMgI
Jeremias,hdl,2020,https://www.youtube.com/watch?v=_65GANYwUco
Zoe Wees,Control,2020,https://www.youtube.com/watch?v=VghvmL0G144
Alligatoah x Sido,Monet,2020,https://www.youtube.com/watch?v=v9axcPVx2ok
The Weeknd,Blinding Lights,2019,https://www.youtube.com/watch?v=fHI8X4OXluQ
Topic feat. A7S,Breaking Me,2019,https://www.youtube.com/watch?v=_IWxwbyDIws
Lil Nas X,Old Town Road,2019,https://www.youtube.com/watch?v=r7qovpFAGrQ
Tones And I,Dance Monkey,2019,https://www.youtube.com/watch?v=1__CAdTJ5JU
Apache 207,Roller,2019,https://www.youtube.com/watch?v=d9GdSZygkrQ
Juju feat. Henning May,Vermissen,2019,https://www.youtube.com/watch?v=nIk2kADj3RQ
Billie Eilish,Bad Guy,2019,https://www.youtube.com/watch?v=DyDfgMOUjCI
Shawn Mendes & Camila Cabello,Señorita,2019,https://www.youtube.com/watch?v=Pkh8UtuejGw
Ed Sheeran & Justin Bieber,I Don't Care,2019,https://www.youtube.com/watch?v=CCSGelSCPGE
Samra & Capital Bra,Wieder Lila,2019,https://www.youtube.com/watch?v=dn9g1v4Sht0
Master KG feat. Burna Boy & Nomcebo Zikode,Jerusalema (Remix),2019,https://www.youtube.com/watch?v=9-RhCvYpxqc
Ariana Grande,7 rings,2019,https://www.youtube.com/watch?v=M84fFXooS5w
Sarah Connor,Vincent,2019,https://www.youtube.com/watch?v=_rrK-AwCzEI
Rammstein,Deutschland,2019,https://www.youtube.com/watch?v=iP3VHktVzkc
Maroon 5,Memories,2019,https://www.youtube.com/watch?v=o2DXt11SMNI
Stranger Things 3,Never Ending Story (Dustin and Suzie),2019,https://www.youtube.com/watch?v=1Elh5AR3G4M
SAINt JHN,Roses (Imanbek Remix),2019,https://www.youtube.com/watch?v=ele2DMU49Jk
Regard,Ride It,2019,https://www.youtube.com/watch?v=LoSm6VkplJc
Capital Bra x Samra,Tilidin,2019,https://www.youtube.com/watch?v=vOkXxRw2zSo
Pashanim feat Ceren,Shabab(e)s im VIP,2019,https://www.youtube.com/watch?v=HuAMUKcTtdI
Capital Bra,Cherry Lady,2019,https://www.youtube.com/watch?v=yMO_VnwAlzw
Shirin David,Gib ihm,2019,https://www.youtube.com/watch?v=0umBtXNM93M
YouNotUs / Janieck / Senex,Narcotic,2019,https://www.youtube.com/watch?v=EXsnLswX0cA
Lil Nas X ft. Billy Ray Cyrus,Old Town Road,2019,https://www.youtube.com/watch?v=7UGOIMoJtB4
LOTTE & Max Giesinger,"Auf das, was da noch kommt",2019,https://www.youtube.com/watch?v=0u4ALyLDCt0
Johannes Oerding,An guten Tagen,2019,https://www.youtube.com/watch?v=3fZuaJuo5sE
BENEE ft. Gus Dapperton,Supalonely,2019,https://www.youtube.com/watch?v=myqxcaJ9p9U
Post Malone,Circles,2019,https://www.youtube.com/watch?v=pQV0WEdT_OE
Apache 207,200 km/h,2019,https://www.youtube.com/watch?v=PYbAb7dbQP4
Taylor Swift,You Need To Calm Down,2019,https://www.youtube.com/watch?v=GWtfOHBF1_w
Capital Bra & Samra,Tilidin,2019,https://www.youtube.com/watch?v=hugmM3EqmNk
Capital Bra / Samra / LEA,110,2019,https://www.youtube.com/watch?v=IXPBCrab6x0
Mero,Wolke 10,2019,https://www.youtube.com/watch?v=DICUsDV1HLc
SDP,Viva la Dealer,2019,https://www.youtube.com/watch?v=q8D6tCqaS_Y
Disney’s Die Eiskönigin II,Wo noch niemand war,2019,https://www.youtube.com/watch?v=LU_CYGOfsFI
Disney’s Die Eiskönigin II,Zeige dich,2019,https://www.youtube.com/watch?v=1GyUD_pTpmE
Versengold,Thekenmädchen,2019,https://www.youtube.com/watch?v=wgfNsek8xkc
Tim Bendzko,Hoch,2019,https://www.youtube.com/watch?v=ssn8RZHF-eA
Rammstein,Ausländer,2019,https://www.youtube.com/watch?v=vQTo9eHRmoQ
Ava Max,Sweet But Psycho,2018,https://www.youtube.com/watch?v=00gGJ8BuWe0
Dynoro & Gigi D’Agostino,In My Mind,2018,https://www.youtube.com/watch?v=W9P_qUnMaFg
Calvin Harris & Dua Lipa,One Kiss,2018,https://www.youtube.com/watch?v=YaOlxgJHif0
El Profesor,Bella ciao (Hugel Remix),2018,https://www.youtube.com/watch?v=jhgJV0Pg54Y
Namika feat. Black M,Je ne parle pas français (Beatgees Remix),2018,https://www.youtube.com/watch?v=Cz1rJtlGHVs
Clean Bandit feat. Demi Lovato,Solo,2018,https://www.youtube.com/watch?v=8JnfIa84TnU
Marshmello & Anne-Marie,Friends,2018,https://www.youtube.com/watch?v=CY8E6N5Nzec
Bonez MC & RAF Camora,500 PS,2018,https://www.youtube.com/watch?v=hLWGlq_2qbk
George Ezra,Shotgun,2018,https://www.youtube.com/watch?v=v_B3qkp4nO4
Sido,Tausend Tattoos,2018,https://www.youtube.com/watch?v=mWBYu9huZt8
Maroon 5 feat. Cardi B,Girls Like You,2018,https://www.youtube.com/watch?v=0lZ2AFZR6IU
Bradley Cooper & Lady Gaga,Shallow,2018,https://www.youtube.com/watch?v=aU_bj9SxvdU
Olexesh feat. Edin,Magisch,2018,https://www.youtube.com/watch?v=hNbaqBRYHJM
Capital Bra feat. Ufo361,Neymar,2018,https://www.youtube.com/watch?v=vbPOegitGMU
Drake,God's Plan,2018,https://www.youtube.com/watch?v=pPKx-fon1nY
"KitschKrieg feat. Trettmann, Gzuz, Gringo & Ufo361",Standard,2018,https://www.youtube.com/watch?v=kCoUOEn90F8
"LSD (Labrinth, Sia & Diplo)",Thunderclouds,2018,https://www.youtube.com/watch?v=pWQF-ETjzx8
SHAED,Trampoline,2018,https://www.youtube.com/watch?v=jZ8yl0uCupQ
The Weeknd,Call Out My Name,2018,https://www.youtube.com/watch?v=rsEne1ZiQrk
Billie Eilish,when the party's over,2018,https://www.youtube.com/watch?v=KNSK3SswPBI
LEA,Leiser,2018,https://www.youtube.com/watch?v=Umtl2AV1Flw
Lorenz Büffel,Beate die Harte,2018,https://www.youtube.com/watch?v=yWwTloMZNzw
Die Draufgänger,Cordula Grün,2018,https://www.youtube.com/watch?v=ZA9wp3wnoB4
Ariana Grande,"thank u, next",2018,https://www.youtube.com/watch?v=EEhZAHZQyf4
Die Fantastischen Vier,Zusammen,2018,https://www.youtube.com/watch?v=H-RrCQQAdK4
Capital Bra,Neymar,2018,https://www.youtube.com/watch?v=vbPOegitGMU
Finch Asozial,Abfahrt,2018,https://www.youtube.com/watch?v=bfVK9z7BlUM
Gzuz,Was hast du gedacht,2018,https://www.youtube.com/watch?v=xVGRDPxlS7k
LEA,Zu dir,2018,https://www.youtube.com/watch?v=YL_wmrJ3clA
Wincent Weiss,An Wunder,2018,https://www.youtube.com/watch?v=APK0IID2jhI
Joris,Signal,2018,https://www.youtube.com/watch?v=FL6uDMwlv7E
Mark Forster,194 Länder,2018,https://www.youtube.com/watch?v=BwkWK9OvmRA
Josh.,Cordula Grün,2018,https://www.youtube.com/watch?v=uSbxCX2LVps
Finch,Abfahrt,2018,https://www.youtube.com/watch?v=bfVK9z7BlUM
Trettmann,Standard,2018,https://www.youtube.com/watch?v=vQoSiUJlQz0
Bausa,Casanova,2018,https://www.youtube.com/watch?v=FcQzZpKKD3k
Shouse,Love Tonight,2017,https://www.youtube.com/watch?v=-d72XNa4yIM
Ed Sheeran,Perfect,2017,https://www.youtube.com/watch?v=2Vv-BfVoq4g
Luis Fonsi & Demi Lovato,Échame la culpa,2017,https://www.youtube.com/watch?v=TyHvyGVs42U
Ed Sheeran,Shape Of You,2017,https://www.youtube.com/watch?v=liTfD88dbCo
Luis Fonsi feat. Daddy Yankee,Despacito,2017,https://www.youtube.com/watch?v=gm3-m2CFVWM
The Chainsmokers & Coldplay,Something Just Like This,2017,https://www.youtube.com/watch?v=FM7MFYoylVs
Imagine Dragons,Thunder,2017,https://www.youtube.com/watch?v=GtEvysh1654
Axwell /\ Ingrosso,More Than You Know,2017,https://www.youtube.com/watch?v=8yGKJl_U4Gg
Robin Schulz feat. James Blunt,OK,2017,https://www.youtube.com/watch?v=s5-p97eN6z0
Bausa,Was du Liebe nennst,2017,https://www.youtube.com/watch?v=K5IULVTz2Mo
Ed Sheeran,Galway Girl,2017,https://www.youtube.com/watch?v=XjHr-6Zl5P8
Camila Cabello feat. Young Thug,Havana,2017,https://www.youtube.com/watch?v=egtD5GfAh58
J Balvin & Willy William,Mi Gente,2017,https://www.youtube.com/watch?v=wnJ6LuUFpMo
P!nk,What About Us,2017,https://www.youtube.com/watch?v=Uly501wCkYI
Jonas Blue feat. William Singe,Mama,2017,https://www.youtube.com/watch?v=ERMRWk1bwqo
Ofenbach vs. Nick Waterhouse,Katchi,2017,https://www.youtube.com/watch?v=viV9grBVc6U
Jason Derulo feat. Nicki Minaj & Ty Dolla $ign,Swalla,2017,https://www.youtube.com/watch?v=xoWEQLpBoE0
French Montana feat. Swae Lee,Unforgettable,2017,https://www.youtube.com/watch?v=MIcIza4sqaM
Charlie Puth,How Long,2017,https://www.youtube.com/watch?v=PualrOj7DaI
David Guetta ft. Justin Bieber,2U,2017,https://www.youtube.com/watch?v=3QAOqZPJgZE
Rita Ora,Your Song,2017,https://www.youtube.com/watch?v=i95Nlb7kiPo
Calum Scott,You Are The Reason,2017,https://www.youtube.com/watch?v=BgmY2MkrY0I
Helene Fischer,Achterbahn,2017,https://www.youtube.com/watch?v=JfwjsjBcDoU
Rita Ora,Anywhere,2017,https://www.youtube.com/watch?v=rkVZtZuMd8Y
The Greatest Showman,This Is Me,2017,https://www.youtube.com/watch?v=wEJd2RyGm8Q
The Greatest Showman,The Greatest Show,2017,https://www.youtube.com/watch?v=NyVYXRD1Ans
Lizzo,Truth Hurts,2017,https://www.youtube.com/watch?v=k50WMM9g-0Q
Helene Fischer,Herzbeben,2017,https://www.youtube.com/watch?v=19RE_GTO3n0
Ed Sheeran,Castle on the Hill,2017,https://www.youtube.com/watch?v=7Qp5vcuMIlk
Dua Lipa,New Rules,2017,https://www.youtube.com/watch?v=Qs0VniZIs_o
Imagine Dragons,Believer,2017,https://www.youtube.com/watch?v=o0LydWpBQts
Tobee,Helikopter 117,2017,https://www.youtube.com/watch?v=79DmbqgLlbY
Miley Cyrus,Malibu,2017,https://www.youtube.com/watch?v=PmVf7vmo5Ns
Adel Tawil,Ist da jemand,2017,https://www.youtube.com/watch?v=wuHdeqEVUhI
Pietro Lombardi feat. Kay One,Senorita,2017,https://www.youtube.com/watch?v=O2pF1SGtEHg
Isi Glück,Das Leben ist ne Party,2017,https://www.youtube.com/watch?v=Ixyp4xni1ws
Kendrick Lamar,HUMBLE.,2017,https://www.youtube.com/watch?v=myv56FUb2ps
Wincent Weiss,Feuerwerk,2017,https://www.youtube.com/watch?v=YUKZXpUr1dQ
Johannes Oerding,Kreise,2017,https://www.youtube.com/watch?v=oas9SCVAfgI
Michael Wendler,Egal,2017,https://www.youtube.com/watch?v=osxsfgWgqQY
Mia Julia,Endlich wieder Malle,2017,https://www.youtube.com/watch?v=_iZ_mrTzxfw
Querbeat,Guten Morgen Barbarossaplatz,2017,https://www.youtube.com/watch?v=yyJUvDs7bY8
Matthias Schweighöfer,Lachen Weinen Tanzen,2017,https://www.youtube.com/watch?v=6tN6hM8by7E
Lotte,Pauken,2017,https://www.youtube.com/watch?v=HCArid5ZnAE
Burak Yeter feat. Danelle Sandoval,Tuesday,2016,https://www.youtube.com/watch?v=ZIMfB0cHBu8
Drake feat. Wizkid & Kyla,One Dance,2016,https://www.youtube.com/watch?v=mym4sKoAnKs
Kungs vs. Cookin' On 3 Burners,This Girl,2016,https://www.youtube.com/watch?v=9cQVGgiLMQo
The Chainsmokers feat. Daya,Don't Let Me Down,2016,https://www.youtube.com/watch?v=sY8aL17tusg
Rag'n'Bone Man,Human,2016,https://www.youtube.com/watch?v=AR0E8p2kYHE
Justin Timberlake,Can't Stop The Feeling!,2016,https://www.youtube.com/watch?v=0Ui-QzihJGo
Clean Bandit feat. Sean Paul & Anne-Marie,Rockabye,2016,https://www.youtube.com/watch?v=sP2yc_TVuzQ
The Weeknd feat. Daft Punk,Starboy,2016,https://www.youtube.com/watch?v=xizN47Box_Y
The Chainsmokers feat. Halsey,Closer,2016,https://www.youtube.com/watch?v=25ROFXjoaAU
257ers,Holz,2016,https://www.youtube.com/watch?v=wjXUBG15eZ8
Twenty One Pilots,Heathens,2016,https://www.youtube.com/watch?v=zq2pagG8_ok
SXTN,Fotzen im Club,2016,https://www.youtube.com/watch?v=wC1rUAsnSdY
ZAYN & Taylor Swift,I Don’t Wanna Live Forever (Fifty Shades Darker),2016,https://www.youtube.com/watch?v=gtvpE9-Qkb8
Dennis Lloyd,Nevermind,2016,https://www.youtube.com/watch?v=naW6-WxmMiU
Bonez MC & RAF Camora,Palmen aus Plastik,2016,https://www.youtube.com/watch?v=MQzoUbEbDZA
Max Giesinger,80 Millionen,2016,https://www.youtube.com/watch?v=RPTaSm_4s0k
AnnenMayKantereit,Barfuß am Klavier,2016,https://www.youtube.com/watch?v=zCcYttwIWAU
Philipp Poisel,Erkläre mir die Liebe,2016,https://www.youtube.com/watch?v=o2jvakm8tYg
Vaiana,Voll gerne,2016,https://www.youtube.com/watch?v=u2HSc2Ym1Vk
Bruno Mars,24K Magic,2016,https://www.youtube.com/watch?v=LhZ5GXCZtEw
Lorenz Büffel,Johnny Däpp,2016,https://www.youtube.com/watch?v=3cfuET_SwWI
AnnenMayKantereit,Pocahontas,2016,https://www.youtube.com/watch?v=M8sWJasEXtY
Mark Forster,Chöre,2016,https://www.youtube.com/watch?v=zepmeaVNIEk
Von Wegen Lisbeth,Wenn du tanzt,2016,https://www.youtube.com/watch?v=m2JRghbgeYw
James Arthur,Say You Won't Let Go,2016,https://www.youtube.com/watch?v=8A7-54UguKg
Shawn Mendes,Treat You Better,2016,https://www.youtube.com/watch?v=Pe8W7XgPTo0
Sia,Unstoppable,2016,https://www.youtube.com/watch?v=cxjvTXo9WWM
Calvin Harris feat. Rihanna,This Is What You Came For,2016,https://www.youtube.com/watch?v=ipLRRzJ9sWg
Billie Eilish,ocean eyes,2016,https://www.youtube.com/watch?v=SdLfy2pqAQU
Bonez MC & RAF Camora,Ohne mein Team,2016,https://www.youtube.com/watch?v=h5CcGjQhuCQ
Beginner,Ahnma,2016,https://www.youtube.com/watch?v=W9po7L7zhag
Tim Bendzko,Keine Maschine,2016,https://www.youtube.com/watch?v=B2dYucgXx3Q
Mark Forster,Wir sind groß,2016,https://www.youtube.com/watch?v=XlD-LO3ogFM
In Extremo,Sternhagelvoll,2016,https://www.youtube.com/watch?v=jszqqtS-M-4
The Weeknd,Die For You,2016,https://www.youtube.com/watch?v=RpyN9pFXUCg
DJ Snake feat. Justin Bieber,Let Me Love You,2016,https://www.youtube.com/watch?v=SMs0GnYze34
Wincent Weiss,Musik sein,2016,https://www.youtube.com/watch?v=TvmWN7ioT7U
Max Giesinger,Wenn sie tanzt,2016,https://www.youtube.com/watch?v=fG9VtgcXEwM
Mark Forster,Sowieso,2016,https://www.youtube.com/watch?v=VRnfqKYHGtM
Sportfreunde Stiller,Das Geschenk,2016,https://www.youtube.com/watch?v=Oi9873siIms
Disney’s Vaiana (Debbie van Dooren),Ich bin bereit (Album Version),2016,https://www.youtube.com/watch?v=ManAg9fy4yo
Disney’s Vaiana (Helene Fischer),Ich bin bereit,2016,https://www.youtube.com/watch?v=e9Vla0qOoyU
Clueso,Neuanfang,2016,https://www.youtube.com/watch?v=dp5p8gMpBTg
Alan Walker,Faded,2015,https://www.youtube.com/watch?v=qdpXxGPqW-Y
Stereoact feat. Kerstin Ott,Die immer lacht,2015,https://www.youtube.com/watch?v=x0uFddMsdGE
Sia feat. Sean Paul,Cheap Thrills,2015,https://www.youtube.com/watch?v=nEIHHydwec8
Imany,Don't Be So Shy (Filatov & Karas Remix),2015,https://www.youtube.com/watch?v=6ATjxh-pwlQ
Twenty One Pilots,Stressed Out,2015,https://www.youtube.com/watch?v=cd0BaSATO4M
Felix Jaehn feat. Jasmine Thompson,Ain't Nobody (Loves Me Better),2015,https://www.youtube.com/watch?v=KpWF1q8gFtE
Ellie Goulding,Love Me Like You Do,2015,https://www.youtube.com/watch?v=725WlG1idPc
Major Lazer & DJ Snake feat. MØ,Lean On,2015,https://www.youtube.com/watch?v=rn9AQoI7mYU
Sido feat. Andreas Bourani,Astronaut,2015,https://www.youtube.com/watch?v=Xv9oGI_KhLk
Adele,Hello,2015,https://www.youtube.com/watch?v=8fIUkINS1uo
Robin Schulz feat. Francesco Yates,Sugar,2015,https://www.youtube.com/watch?v=jPW5A_JyXCY
Wiz Khalifa feat. Charlie Puth,See You Again,2015,https://www.youtube.com/watch?v=NDEWXnMRq3c
Namika,Lieblingsmensch,2015,https://www.youtube.com/watch?v=6Bt1KeMNqvc
Glasperlenspiel,Geiles Leben,2015,https://www.youtube.com/watch?v=NQJFPQHX8kA
Lost Frequencies feat. Janieck,Reality,2015,https://www.youtube.com/watch?v=_uC_hmA64ns
Justin Bieber,What Do You Mean?,2015,https://www.youtube.com/watch?v=NywWB67Z7zQ
Zara Larsson,Lush Life,2015,https://www.youtube.com/watch?v=MysKegBRtaA
EFF,Stimme,2015,https://www.youtube.com/watch?v=TKHfEmkdpYU
Justin Bieber,Sorry,2015,https://www.youtube.com/watch?v=8ELbX5CMomE
Justin Bieber,Love Yourself,2015,https://www.youtube.com/watch?v=RWXkX7oRQi8
SDP feat. Adel Tawil,Ich will nur dass du weißt,2015,https://www.youtube.com/watch?v=rGcWUl4W3Gc
Sarah Connor,Wie schön du bist,2015,https://www.youtube.com/watch?v=w8o5LHxRq5U
Silbermond,Leichtes Gepäck,2015,https://www.youtube.com/watch?v=EcwCHRGjifg
AURORA,Runaway,2015,https://www.youtube.com/watch?v=Ti_WUaZRphY
Mia Julia,Mallorca da bin ich daheim,2015,https://www.youtube.com/watch?v=mMu1hrTcDk8
Macklemore & Ryan Lewis,Downtown,2015,https://www.youtube.com/watch?v=W8j1Gy41drQ
Andreas Gabalier,Hulapalu,2015,https://www.youtube.com/watch?v=bO1fSUrzuYM
Scooter,Maria (I Like It Loud),2015,https://www.youtube.com/watch?v=kMI1-pdm81A
Lukas Graham,7 Years,2015,https://www.youtube.com/watch?v=AGShYg_Mz_c
Mike Posner,I Took A Pill In Ibiza (Seeb Remix),2015,https://www.youtube.com/watch?v=81KvRXxmcEI
Drake,Hotline Bling,2015,https://www.youtube.com/watch?v=zt6aRKpf9T4
Joris,Herz über Kopf,2015,https://www.youtube.com/watch?v=OTdmgRkaFHM
Paveier,Leev Marie,2015,https://www.youtube.com/watch?v=XUmM3suGNDg
Avicii,Waiting For Love,2015,https://www.youtube.com/watch?v=-ncIVUXZla8
Alligatoah,Du bist schön,2015,https://www.youtube.com/watch?v=AFCJbzs9c_Y
K.I.Z,Boom Boom Boom,2015,https://www.youtube.com/watch?v=J_JqKXvenaE
SDP,Deine Freundin,2015,https://www.youtube.com/watch?v=ReseIRkmzrg
Wanda,Bussi Baby,2015,https://www.youtube.com/watch?v=E0TLZPxFM_o
Kontra K,Erfolg ist kein Glück,2015,https://www.youtube.com/watch?v=AgpQYJ3zOC8
Disturbed,The Sound Of Silence,2015,https://www.youtube.com/watch?v=usN-pKfw6Q8
AnnenMayKantereit,Oft gefragt,2015,https://www.youtube.com/watch?v=TxZMfufRJfo
Johannes Oerding,Alles brennt,2015,https://www.youtube.com/watch?v=dN_CHV0Br9o
Philipp Dittberner & Marv,Wolke 4,2015,https://www.youtube.com/watch?v=kdiv6iW9aOc
Sarah Connor,Bedingungslos,2015,https://www.youtube.com/watch?v=q0sSudID_sA
Mickie Krause,Mich hat ein Engel geküsst,2015,https://www.youtube.com/watch?v=F0FXVOdBBw8
Omi,Cheerleader (Felix Jaehn Remix),2014,https://www.youtube.com/watch?v=i1Jp-V4jalI
Lost Frequencies,Are You With Me,2014,https://www.youtube.com/watch?v=SnROamdnYS4
Kygo feat. Conrad,Firestone,2014,https://www.youtube.com/watch?v=f8kJa6JYK9Q
Mr Probz,Waves (Robin Schulz Remix),2014,https://www.youtube.com/watch?v=UeDQ-Wk6HdQ
Andreas Bourani,Auf uns,2014,https://www.youtube.com/watch?v=pg9k-lAM7M8
Mark Forster feat. Sido,Au revoir,2014,https://www.youtube.com/watch?v=RMP97r5-74g
Lilly Wood & The Prick and Robin Schulz,Prayer In C (Robin Schulz Remix),2014,https://www.youtube.com/watch?v=J1oKxRCghr4
Clean Bandit feat. Jess Glynne,Rather Be,2014,https://www.youtube.com/watch?v=jUjDcqdvCrk
Cro,Traum,2014,https://www.youtube.com/watch?v=bx3RE9sY8lA
OneRepublic,Love Runs Out,2014,https://www.youtube.com/watch?v=m-j-n-XJ-Tg
Sia,Chandelier,2014,https://www.youtube.com/watch?v=9bKkogQlWPw
Meghan Trainor,All About That Bass,2014,https://www.youtube.com/watch?v=QgmzAu7_wyc
Taylor Swift,Shake It Off,2014,https://www.youtube.com/watch?v=Z4A9ZZo_rAE
David Guetta feat. Sam Martin,Dangerous,2014,https://www.youtube.com/watch?v=FsfrsLxt0l8
Marlon Roudette,When the Beat Drops Out,2014,https://www.youtube.com/watch?v=K8sxCvBvhjk
Maroon 5,Sugar,2014,https://www.youtube.com/watch?v=N1BcpzPGlYQ
Tove Lo,Habits (Stay High) [Remix],2014,https://www.youtube.com/watch?v=oh2LWWORoiM
Andreas Bourani,Hey,2014,https://www.youtube.com/watch?v=lYzeop47l8c
Andreas Bourani,Auf anderen Wegen,2014,https://www.youtube.com/watch?v=lJp2gpaWaXU
Marteria,Kids (2 Finger an den Kopf),2014,https://www.youtube.com/watch?v=KswfmorumV0
Roland Kaiser & Maite Kelly,Warum hast du nicht nein gesagt,2014,https://www.youtube.com/watch?v=a3EgWAriu28
Mickie Krause,"Biste braun, kriegste Fraun",2014,https://www.youtube.com/watch?v=sa3a-GHswKY
Ikke Hüftgold,"Dicke Titten, Kartoffelsalat",2014,https://www.youtube.com/watch?v=26HDgeF8ykw
Coldplay,A Sky Full Of Stars,2014,https://www.youtube.com/watch?v=zp7NtW_hKJI
Ed Sheeran,Photograph,2014,https://www.youtube.com/watch?v=HpphFd_mzXE
Calvin Harris,Summer,2014,https://www.youtube.com/watch?v=ZaAyTrhjK28
Sam Smith,Stay With Me,2014,https://www.youtube.com/watch?v=-hJgdaAO28Q
Sam Smith,I'm Not The Only One,2014,https://www.youtube.com/watch?v=mzQ8eepcJGQ
Mark Forster,Bauch und Kopf,2014,https://www.youtube.com/watch?v=OnoDtWNJXw4
Marteria,OMG!,2014,https://www.youtube.com/watch?v=06citW97WGo
Sia,Elastic Heart,2014,https://www.youtube.com/watch?v=LqD1tLekh_U
Cro,Bad Chick,2014,https://www.youtube.com/watch?v=2fDUH2ULews
Walk The Moon,Shut Up + Dance,2014,https://www.youtube.com/watch?v=X8HUhFSLnl0
Imagine Dragons,Warriors,2014,https://www.youtube.com/watch?v=qQW4Aegqvj8
Andreas Gabalier,Amoi seg' ma uns wieder,2014,https://www.youtube.com/watch?v=krNL5fnTxJc
Kraftklub,Schüsse in die Luft,2014,https://www.youtube.com/watch?v=8RqIQkws7sM
Brings,Polka Polka Polka,2014,https://www.youtube.com/watch?v=E0l8rCYazBI
Mark Forster,Flash mich,2014,https://www.youtube.com/watch?v=BluodNkWvEE
Bibi & Tina,Titelsong,2014,https://www.youtube.com/watch?v=aHJyBarTDcM
Helene Fischer,Atemlos durch die Nacht,2013,https://www.youtube.com/watch?v=haECT-SerHk
Pharrell Williams,Happy,2013,https://www.youtube.com/watch?v=jv-pYB0Qw9A
Ed Sheeran,I See Fire,2013,https://www.youtube.com/watch?v=GvGLjYdMzJs
Avicii,Wake Me Up!,2013,https://www.youtube.com/watch?v=5y_KJAg8bHI
Robin Thicke feat. T.I. + Pharrell,Blurred Lines,2013,https://www.youtube.com/watch?v=UYV9yabvYGs
Daft Punk feat. Pharrell Williams,Get Lucky,2013,https://www.youtube.com/watch?v=5NV6Rdv1a3I
Naughty Boy feat. Sam Smith,La La La,2013,https://www.youtube.com/watch?v=tM5xhFs5HHk
Milky Chance,Stolen Dance,2013,https://www.youtube.com/watch?v=dAuAyA9dBBU
Klingande,Jubel,2013,https://www.youtube.com/watch?v=0JDjtM10j7w
OneRepublic,Counting Stars,2013,https://www.youtube.com/watch?v=mgT0N3tMP74
Adel Tawil,Lieder,2013,https://www.youtube.com/watch?v=kiMG_JV2gbo
Stromae,Papaoutai,2013,https://www.youtube.com/watch?v=GLOlXoX8Uhs
Sportfreunde Stiller,"Applaus, Applaus",2013,https://www.youtube.com/watch?v=GSfpDlN8Fyg
John Newman,Love Me Again,2013,https://www.youtube.com/watch?v=MmmRjwgVVOw
Christina Stürmer,Millionen Lichter,2013,https://www.youtube.com/watch?v=IDXNTOLeSbE
Alligatoah,Willst du,2013,https://www.youtube.com/watch?v=mNNfZuIA1GQ
Disney's Die Eiskönigin,Lass jetzt los,2013,https://www.youtube.com/watch?v=GrVyYIdO_TE
Hozier,Take Me To Church,2013,https://www.youtube.com/watch?v=SND2LY0s8FE
Casper,Im Ascheregen,2013,https://www.youtube.com/watch?v=cVKl7QAULn8
Bilderbuch,Maschin,2013,https://www.youtube.com/watch?v=9Ocyk0OgyWY
Beatrice Egli,Mein Herz,2013,https://www.youtube.com/watch?v=e-LKnxivGxI
Peter Wackel,Scheiß drauf! (Mallorca ist nur einmal im Jahr),2013,https://www.youtube.com/watch?v=Wc8LvIGiXME
Avicii,Hey Brother,2013,https://www.youtube.com/watch?v=69Fb6XozEx8
Pitbull,Timber,2013,https://www.youtube.com/watch?v=zHESy8XsJPs
Miley Cyrus,We Can't Stop,2013,https://www.youtube.com/watch?v=g3Kv2BZ7muY
One Direction,Story of My Life,2013,https://www.youtube.com/watch?v=eQmVAq4Sdww
John Legend,All of Me,2013,https://www.youtube.com/watch?v=QfgJQUiQFes
Vance Joy,Riptide,2013,https://www.youtube.com/watch?v=lYoWuaw5nSk
Arctic Monkeys,Do I Wanna Know?,2013,https://www.youtube.com/watch?v=PUL2mVdt3xo
Justin Timberlake,Mirrors,2013,https://www.youtube.com/watch?v=U41KPUfOSFk
Brings,Kölsche Jung,2013,https://www.youtube.com/watch?v=DcNPqsWPbD8
Katy Perry,Dark Horse,2013,https://www.youtube.com/watch?v=xtoHuHgS9_o
Lady Gaga,Applause,2013,https://www.youtube.com/watch?v=_bHhpufKRjs
Revolverheld,Ich lass für dich das Licht an,2013,https://www.youtube.com/watch?v=DbhdwHaXVcE
Haftbefehl,Chabos wissen wer der Babo ist,2013,https://www.youtube.com/watch?v=iANCF1i4g2U
Imagine Dragons,Demons,2013,https://www.youtube.com/watch?v=pvrkfb1C4tE
Sido,Liebe,2013,https://www.youtube.com/watch?v=oF4Jc977WZk
K.I.Z,Ich bin Adolf Hitler,2013,https://www.youtube.com/watch?v=odUqwjujE6o
Lorde,Royals,2013,https://www.youtube.com/watch?v=ZN0CEkJ_ZtI
Bastille,Pompeii,2013,https://www.youtube.com/watch?v=ilLEuwH4hws
Ylvis,The Fox (What Does The Fox Say?),2013,https://www.youtube.com/watch?v=BRAWVIX7mv0
Eminem feat. Rihanna,The Monster,2013,https://www.youtube.com/watch?v=EHkozMIXZ8w
Ellie Goulding,Burn,2013,https://www.youtube.com/watch?v=VRcQsgjo7ZQ
Revolverheld,Lass uns gehen,2013,https://www.youtube.com/watch?v=NRBahNdUfUo
Frida Gold,Liebe ist meine Rebellion,2013,https://www.youtube.com/watch?v=OzcetDifZPg
Alligatoah,Trauerfeier Lied,2013,https://www.youtube.com/watch?v=XDI3-Q1yAzg
Adel Tawil,Zuhause,2013,https://www.youtube.com/watch?v=LCUdJ2fEAJs
Bosse,Schönste Zeit,2013,https://www.youtube.com/watch?v=E79c507knoQ
Alligatoah,Narben,2013,https://www.youtube.com/watch?v=rD4TKRTAQg0
Sido feat. Mark Forster,Einer dieser Steine,2013,https://www.youtube.com/watch?v=5f2uPQ_948w
K.I.Z.,Ein Affe und ein Pferd,2013,https://www.youtube.com/watch?v=ZH2gUx1wWTQ
Revolverheld,Immer in Bewegung,2013,https://www.youtube.com/watch?v=Oh_Awt8I4Z4
Alligatoah,Fick ihn doch,2013,https://www.youtube.com/watch?v=2p_7338B5ow
Tom Odell,Another Love,2012,https://www.youtube.com/watch?v=MwpMEbgC7DA
will.i.am & Britney Spears,Scream & Shout,2012,https://www.youtube.com/watch?v=J9W-_W50ChE
Passenger,Let Her Go,2012,https://www.youtube.com/watch?v=JLdjXD_QfU0
Macklemore & Ryan Lewis feat. Wanz,Thrift Shop,2012,https://www.youtube.com/watch?v=2LjZbRpW2Eo
Imagine Dragons,Radioactive,2012,https://www.youtube.com/watch?v=w3viBe2Q0P8
Die Toten Hosen,Tage wie diese,2012,https://www.youtube.com/watch?v=5vgrZcppZLs
Asaf Avidan,One Day / Reckoning Song (Wankelmut Rmx),2012,https://www.youtube.com/watch?v=KRAMNWzfjcg
Carly Rae Jepsen,Call Me Maybe,2012,https://www.youtube.com/watch?v=47EG91_XHic
Rihanna,Diamonds,2012,https://www.youtube.com/watch?v=SZGgjpjnzOs
Psy,Gangnam Style,2012,https://www.youtube.com/watch?v=iSF26HsmeRI
Loreen,Euphoria,2012,https://www.youtube.com/watch?v=t5qURKt4maw
Adele,Skyfall,2012,https://www.youtube.com/watch?v=DeumyOzKqgI
"Marteria, Yasha & Miss Platnum",Lila Wolken,2012,https://www.youtube.com/watch?v=CrYYg_atdtk
The Script feat. will.i.am,Hall of Fame,2012,https://www.youtube.com/watch?v=v8xgecy_ivw
Swedish House Mafia feat. John Martin,Don't You Worry Child,2012,https://www.youtube.com/watch?v=DB8v0nYvGrE
Bruno Mars,Locked Out of Heaven,2012,https://www.youtube.com/watch?v=WzsYtW8zyXU
Sido,Bilder im Kopf,2012,https://www.youtube.com/watch?v=1XoEQGKjoEM
Cro,Einmal um die Welt,2012,https://www.youtube.com/watch?v=u2pySXCmwpc
SDP feat. Sido,Die Nacht von Freitag auf Montag,2012,https://www.youtube.com/watch?v=97AiPkin9Tw
Maroon 5 feat. Wiz Khalifa,Payphone,2012,https://www.youtube.com/watch?v=bbdsIR4UHDg
Nicki Minaj,Starships,2012,https://www.youtube.com/watch?v=DxdAp2nQ4NA
Kraftklub,Songs für Liam,2012,https://www.youtube.com/watch?v=0zm68cRptYo
Taylor Swift,We Are Never Ever Getting Back Together,2012,https://www.youtube.com/watch?v=A90332Q3GkQ
Taylor Swift,I Knew You Were Trouble,2012,https://www.youtube.com/watch?v=TqAollrUJdA
P!nk feat. Nate Ruess,Just Give Me A Reason,2012,https://www.youtube.com/watch?v=D1CpWYU3DvA
Seeed,Augenbling,2012,https://www.youtube.com/watch?v=PRlkxOXT6qQ
Die Toten Hosen,Altes Fieber,2012,https://www.youtube.com/watch?v=CQYypFMTQcE
Deichkind,Bück dich hoch,2012,https://www.youtube.com/watch?v=OSYsDrPFyoQ
Enrique Iglesias,Bailando,2012,https://www.youtube.com/watch?v=5Q7PIOEmB9w
The Neighbourhood,Sweater Weather,2012,https://www.youtube.com/watch?v=08WiUcJmnZc
Bruno Mars,When I Was Your Man,2012,https://www.youtube.com/watch?v=vkNEc-eCsHY
Bruno Mars,Treasure,2012,https://www.youtube.com/watch?v=U32IDVY5vsw
Mickie Krause,Nur noch Schuhe an,2012,https://www.youtube.com/watch?v=D6z9Ay3kMmQ
Kesha,Die Young,2012,https://www.youtube.com/watch?v=VKmyYEozgac
Deichkind,Leider geil,2012,https://www.youtube.com/watch?v=tGyJefp-3Fo
Cro,Meine Zeit,2012,https://www.youtube.com/watch?v=ny39WFbgFKE
Lana Del Rey,Summertime Sadness,2012,https://www.youtube.com/watch?v=zQO7J483Dng
Flo Rida,Whistle,2012,https://www.youtube.com/watch?v=Y9jqh3ihgi8
Train,Drive By,2012,https://www.youtube.com/watch?v=maklLfjCO90
Linkin Park,Castle Of Glass,2012,https://www.youtube.com/watch?v=oE8kQH2W5k0
Rihanna feat. Mikky Ekko,Stay,2012,https://www.youtube.com/watch?v=_bXqoIzH0N8
Alicia Keys,Girl On Fire,2012,https://www.youtube.com/watch?v=p4KYRuo1C-o
Maroon 5,One More Night,2012,https://www.youtube.com/watch?v=7CPYoGtI75Q
James Arthur,Impossible,2012,https://www.youtube.com/watch?v=mzAwKKRGXSk
Owl City and Carly Rae Jepsen,Good Time,2012,https://www.youtube.com/watch?v=7yeA2P1W9dg
Imagine Dragons,On Top Of The World,2012,https://www.youtube.com/watch?v=cxmMD5OvYRQ
P!nk,Try,2012,https://www.youtube.com/watch?v=HOPmE1I46mk
David Guetta feat. Sia,She Wolf (Falling To Pieces),2012,https://www.youtube.com/watch?v=uweWiCLT8Eg
Simple Plan feat. Sean Paul,Summer Paradise,2012,https://www.youtube.com/watch?v=CwZ_bmNbdAw
Fun.,Some Nights,2012,https://www.youtube.com/watch?v=BPPwdDGAhaE
Taylor Swift,22,2012,https://www.youtube.com/watch?v=JDIos5cPtMI
Kassalla,Pirate,2012,https://www.youtube.com/watch?v=BSPxxFmXlVQ
Die Ärzte,m+f,2012,https://www.youtube.com/watch?v=YHRVKFDjUAI
Kraftklub,Kein Liebeslied,2012,https://www.youtube.com/watch?v=o6Vt8NVWMps
SDP,Wenn ich groß bin,2012,https://www.youtube.com/watch?v=VRsC8eX17os
Macklemore & Ryan Lewis feat. Ray Dalton,Can't Hold Us,2011,https://www.youtube.com/watch?v=dbevJM-2lcY
Capital Cities,Safe And Sound,2011,https://www.youtube.com/watch?v=jR-OsKMD80c
Michel Teló,Ai se eu te pego!,2011,https://www.youtube.com/watch?v=ALRxqOpMewE
Gotye feat. Kimbra,Somebody That I Used To Know,2011,https://www.youtube.com/watch?v=t_dLoOXy8PA
Olly Murs feat. Rizzle Kicks,Heart Skips A Beat,2011,https://www.youtube.com/watch?v=Ie6eUV4jKgs
Jennifer Lopez feat. Pitbull,On The Floor,2011,https://www.youtube.com/watch?v=70XspGKI8kQ
Pietro Lombardi,Call My Name,2011,https://www.youtube.com/watch?v=ej1-VoqPRe8
Marlon Roudette,New Age,2011,https://www.youtube.com/watch?v=Xory05HzrTs
Snoop Dogg vs. David Guetta,Sweat,2011,https://www.youtube.com/watch?v=AZe6uPY3MCs
"Pitbull feat. Ne-Yo, Afrojack & Nayer",Give Me Everything,2011,https://www.youtube.com/watch?v=3MqUW5txLjs
Tim Bendzko,Nur noch kurz die Welt retten,2011,https://www.youtube.com/watch?v=E-xf_H2xiAg
Maroon 5 feat. Christina Aguilera,Moves Like Jagger,2011,https://www.youtube.com/watch?v=Q-jqcZ_Jbd8
Adele,Someone Like You,2011,https://www.youtube.com/watch?v=z7GCiVTlv04
Lady Gaga,Born This Way,2011,https://www.youtube.com/watch?v=4S_vclBlGZo
Avicii,Levels,2011,https://www.youtube.com/watch?v=C3Ti0nZjtp8
Lana Del Rey,Video Games,2011,https://www.youtube.com/watch?v=hAV9ideCFEc
Taio Cruz feat. Flo Rida,Hangover,2011,https://www.youtube.com/watch?v=97PT8to46fc
One Direction,What Makes You Beautiful,2011,https://www.youtube.com/watch?v=mfavkCY52MI
Kelly Clarkson,Stronger (What Doesn't Kill You),2011,https://www.youtube.com/watch?v=RjZzySx7TmM
Ed Sheeran,The A Team,2011,https://www.youtube.com/watch?v=yJojXtTLFOU
Udo Lindenberg,Cello,2011,https://www.youtube.com/watch?v=MTveMR0wxT0
David Guetta feat. Sia,Titanium,2011,https://www.youtube.com/watch?v=Rohq0D72X3Q
Kraftklub,Ich will nicht nach Berlin,2011,https://www.youtube.com/watch?v=RhlfIx7t46o
Cro,Easy,2011,https://www.youtube.com/watch?v=hK-mYC8QQ3A
K.I.Z,Urlaub fürs Gehirn,2011,https://www.youtube.com/watch?v=ljMcAgF9IGM
Rihanna,We Found Love,2011,https://www.youtube.com/watch?v=QrJosGJj7w0
LMFAO,Sexy And I Know It,2011,https://www.youtube.com/watch?v=mau7IuKhn1k
Adele,Set Fire To The Rain,2011,https://www.youtube.com/watch?v=qOagQWjKpyM
Don Omar,Danza Kuduro,2011,https://www.youtube.com/watch?v=ZESyq7kvjeE
Lady Gaga,The Edge Of Glory,2011,https://www.youtube.com/watch?v=GLA4CwjFrXw
David Guetta feat. Usher,Without You,2011,https://www.youtube.com/watch?v=ERi9UR07rQw
Frida Gold,Wovon sollen wir träumen,2011,https://www.youtube.com/watch?v=eTdeYa5Uh2c
Andreas Bourani,Nur in meinem Kopf,2011,https://www.youtube.com/watch?v=Bb38E6TcpL8
Jessie J feat. B.o.B,Price Tag,2011,https://www.youtube.com/watch?v=Eg3_uOwbdMo
Coldplay,Paradise,2011,https://www.youtube.com/watch?v=J6ZWlDks0nQ
Fun. feat. Janelle Monáe,We Are Young,2011,https://www.youtube.com/watch?v=s71olxc-Hs8
Sunrise Avenue,Hollywood Hills,2011,https://www.youtube.com/watch?v=K8gFCkN4XBQ
Of Monsters And Men,Little Talks,2011,https://www.youtube.com/watch?v=CF-l73qCrgU
Adele,Rumour Has It,2011,https://www.youtube.com/watch?v=RzIu-5ZDMXk
One Direction,One Thing,2011,https://www.youtube.com/watch?v=PiuRQr9b6Bc
Adele,Turning Tables,2011,https://www.youtube.com/watch?v=KbMp1o3NBbI
Christina Perri,A Thousand Years,2011,https://www.youtube.com/watch?v=mk3XycambgI
Lana Del Rey,Born To Die,2011,https://www.youtube.com/watch?v=4lq9bBw2Xqc
Bruno Mars,It Will Rain,2011,https://www.youtube.com/watch?v=neVe5CIe1Xg
Helene Fischer,Phänomen,2011,https://www.youtube.com/watch?v=4eA9U9ZTvQg
Tim Bendzko,Wenn Worte meine Sprache wären,2011,https://www.youtube.com/watch?v=DDaFMA9NHfI
Glasperlenspiel,Echt,2011,https://www.youtube.com/watch?v=Wt9Xx02G-Cs
Alligatoah,Trostpreis,2011,https://www.youtube.com/watch?v=ygneL83Adu4
Culcha Candela,Von allein,2011,https://www.youtube.com/watch?v=RT7552RmYug
Andreas Bourani,Eisberg,2011,https://www.youtube.com/watch?v=7VhP5_zo5yU
Lykke Li,I Follow Rivers,2010,https://www.youtube.com/watch?v=9dzub7uXWl4
Alexandra Stan,Mr. Saxobeat,2010,https://www.youtube.com/watch?v=otE904f2rzo
Bruno Mars,Grenade,2010,https://www.youtube.com/watch?v=4YrzJ9RZ9qY
Adele,Rolling In The Deep,2010,https://www.youtube.com/watch?v=1CigMPtm4FM
LMFAO feat. Lauren Bennett & GoonRock,Party Rock Anthem,2010,https://www.youtube.com/watch?v=tsMDKjb54EM
Shakira feat. Freshlyground,Waka Waka (This Time For Africa),2010,https://www.youtube.com/watch?v=czWcyZRAMtk
Lena Meyer-Landrut,Satellite,2010,https://www.youtube.com/watch?v=8QSgNM9yNjo
Yolanda Be Cool & DCup,We No Speak Americano,2010,https://www.youtube.com/watch?v=7E9Ed9DUQoQ
Hurts,Wonderful Life,2010,https://www.youtube.com/watch?v=W4iqpure8Wg
Eminem feat. Rihanna,Love the Way You Lie,2010,https://www.youtube.com/watch?v=a-U8osE4BD8
Katy Perry feat. Snoop Dogg,California Gurls,2010,https://www.youtube.com/watch?v=CTVJTt-Gfx8
Madcon,Glow,2010,https://www.youtube.com/watch?v=FpMnf1bxzEw
Laserkraft 3D,"Nein, Mann!",2010,https://www.youtube.com/watch?v=HBjDZMJUduo
Duck Sauce,Barbra Streisand,2010,https://www.youtube.com/watch?v=UpxKKBLUP2g
SDP feat. Sido,Ne Leiche,2010,https://www.youtube.com/watch?v=NSWQ7SMedUk
Philipp Poisel,Ich will nur,2010,https://www.youtube.com/watch?v=nzq8BIZQPqA
Revolverheld feat. Marta Jandová,Halt Dich an mir fest,2010,https://www.youtube.com/watch?v=2VPUj7QPr6s
Juli,Elektrisches Gefühl,2010,https://www.youtube.com/watch?v=5o2JiByqjcs
Lena,Satellite,2010,https://www.youtube.com/watch?v=m8Bpv0ZEyT4
Justin Bieber feat. Ludacris,Baby,2010,https://www.youtube.com/watch?v=VNrfehBJhps
Bruno Mars,Just The Way You Are,2010,https://www.youtube.com/watch?v=u7XjPmN-tHw
P!nk,Raise Your Glass,2010,https://www.youtube.com/watch?v=9EhuwHV4a6w
Katy Perry,Teenage Dream,2010,https://www.youtube.com/watch?v=98WtmW-lfeE
Rihanna,Only Girl (In The World),2010,https://www.youtube.com/watch?v=qrjUQQN5ats
DJ Antoine,Welcome To St. Tropez,2010,https://www.youtube.com/watch?v=XLqqdkh26Ec
Foster The People,Pumped Up Kicks,2010,https://www.youtube.com/watch?v=k_aQYP8rsgE
Andreas Gabalier,I sing a Liad für di,2010,https://www.youtube.com/watch?v=U0_UYW5Y4cM
Katy Perry,E.T.,2010,https://www.youtube.com/watch?v=zOHj9tHLBgY
Shakira,Loca,2010,https://www.youtube.com/watch?v=fQHZlOMfRuY
Loona,Vamos a la playa,2010,https://www.youtube.com/watch?v=U6UPCW8Kh4g
Usher,DJ Got Us Fallin' In Love,2010,https://www.youtube.com/watch?v=xG4sH7jKvXE
Revolverheld,Spinner,2010,https://www.youtube.com/watch?v=of76HpRuZ4E
Bruno Mars,The Lazy Song,2010,https://www.youtube.com/watch?v=GYW87vbSxjg
B.o.B feat. Hayley Williams,Airplanes,2010,https://www.youtube.com/watch?v=7a08O0M49xg
Taio Cruz,Dynamite,2010,https://www.youtube.com/watch?v=kJNyjdpT1vo
Katy Perry,Last Friday Night (T.G.I.F.),2010,https://www.youtube.com/watch?v=cEin6Kix6xs
Bruno Mars,Marry You,2010,https://www.youtube.com/watch?v=dElRVQFqj-k
Christina Perri,Jar Of Hearts,2010,https://www.youtube.com/watch?v=5mvfc3nWRj0
Eminem,Not Afraid,2010,https://www.youtube.com/watch?v=_uuXpXSZYMk
The Black Eyed Peas,The Time (Dirty Bit),2010,https://www.youtube.com/watch?v=N-5OJLYn-KQ
Bruno Mars,Talking To The Moon,2010,https://www.youtube.com/watch?v=P-FrQnI3slU
Rihanna,California King Bed,2010,https://www.youtube.com/watch?v=yvpo21xrYik
Flo Rida feat. David Guetta,Club Can’t Handle Me,2010,https://www.youtube.com/watch?v=quyjM9r5e_A
Jason Derulo,In My Head,2010,https://www.youtube.com/watch?v=LU-ZQWZSGfc
Cee Lo Green,F**k You!,2010,https://www.youtube.com/watch?v=btd-816zRvU
P!nk,F**kin’ Perfect (Radio Edit),2010,https://www.youtube.com/watch?v=K3xQKS8oGCw
Sido,Der Himmel soll warten,2010,https://www.youtube.com/watch?v=oehuiR6WWEQ
Marteria,Verstrahlt,2010,https://www.youtube.com/watch?v=D6I1I5cdbjo
Philipp Poisel,Wie soll ein Mensch das ertragen,2010,https://www.youtube.com/watch?v=MnNZNfixTOw
Jupiter Jones,Still,2010,https://www.youtube.com/watch?v=uHt6FpaW1mU
Disney’s Rapunzel Neu Verföhnt,Wann fängt mein Leben an,2010,https://www.youtube.com/watch?v=_S6l7Dazg-8
Frida Gold,Zeig mir wie du tanzt,2010,https://www.youtube.com/watch?v=rZhzEHPJmtQ
Unheilig,Unter deiner Flagge,2010,https://www.youtube.com/watch?v=5FsbiDpYJgk
Unheilig,Geboren um zu leben,2009,https://www.youtube.com/watch?v=1YOovPkiMrk
K'naan,Wavin' Flag,2009,https://www.youtube.com/watch?v=PO2Fm4-WRjo
Stromae,Alors on danse,2009,https://www.youtube.com/watch?v=EthK3XH_FEU
Keri Hilson,I Like,2009,https://www.youtube.com/watch?v=sv7ewxKefzc
Ke$ha,TiK ToK,2009,https://www.youtube.com/watch?v=OF04pKp-r9o
Cassandra Steen feat. Adel Tawil,Stadt,2009,https://www.youtube.com/watch?v=ltQNeihjqB0
Mando Diao,Dance With Somebody,2009,https://www.youtube.com/watch?v=HUEHuDbh8mY
Silbermond,Irgendwas bleibt,2009,https://www.youtube.com/watch?v=mDXElPTxJ70
Gossip,Heavy Cross,2009,https://www.youtube.com/watch?v=-6XYauhBMQE
The Black Eyed Peas,I Gotta Feeling,2009,https://www.youtube.com/watch?v=ipii7KbbJLY
David Guetta feat. Kelly Rowland,When Love Takes Over,2009,https://www.youtube.com/watch?v=X-OSOtL401o
Lady Gaga,Alejandro,2009,https://www.youtube.com/watch?v=ucniWROEZC4
Lady Gaga,Bad Romance,2009,https://www.youtube.com/watch?v=TTOPBQhrvtQ
David Guetta feat. Akon,Sexy Bitch,2009,https://www.youtube.com/watch?v=uSehiDpxDaI
Alexander Rybak,Fairytale (ESC 2009 Norway),2009,https://www.youtube.com/watch?v=1rVY08gRGmA
Robbie Williams,Bodies,2009,https://www.youtube.com/watch?v=KbGwS1lDQZs
Ich + Ich,Pflaster,2009,https://www.youtube.com/watch?v=k0cJcn6UW9Q
OneRepublic,Secrets,2009,https://www.youtube.com/watch?v=BHsIHlyOMpc
Muse,Uprising,2009,https://www.youtube.com/watch?v=itUJUs95LqU
"Timbaland, Katy Perry",If We Ever Meet Again,2009,https://www.youtube.com/watch?v=ef9u_LKGoYU
Lady Gaga feat. Beyoncé,Telephone,2009,https://www.youtube.com/watch?v=1Ea8Rj2wQ2w
Jay-Z feat. Alicia Keys,Empire State of Mind,2009,https://www.youtube.com/watch?v=V8gvSEtzOQg
Die Flippers,Wir sagen danke schön,2009,https://www.youtube.com/watch?v=wJX2LUJKHRo
Jan Delay,Oh Jonny,2009,https://www.youtube.com/watch?v=hxQ_0d8CB6Q
Die Atzen,Disco Pogo,2009,https://www.youtube.com/watch?v=jaJORfrY42Q
David Guetta,Memories,2009,https://www.youtube.com/watch?v=hj-OLLfNUeo
Taylor Swift,You Belong With Me,2009,https://www.youtube.com/watch?v=vwp8Ur6tO-8
Edward Maya,Stereo Love,2009,https://www.youtube.com/watch?v=y9Kqb2z9Lzs
Train,"Hey, Soul Sister",2009,https://www.youtube.com/watch?v=Iurs-gVL48Y
Jürgen Drews,Ich bau dir ein Schloss,2009,https://www.youtube.com/watch?v=S_omgva_QfA
DJ Ötzi,7 Sünden,2009,https://www.youtube.com/watch?v=NAyclw-b-d0
Olli Schulz,Mach den Bibo,2009,https://www.youtube.com/watch?v=jvhXqX4I3vk
Mando Diao,Gloria,2009,https://www.youtube.com/watch?v=0RTIUKLit1Q
Green Day,21 Guns,2009,https://www.youtube.com/watch?v=byQhxWDpLJc
The Black Eyed Peas,Meet Me Halfway,2009,https://www.youtube.com/watch?v=6fYEHqDznio
Flo Rida feat. Ke$ha,Right Round,2009,https://www.youtube.com/watch?v=yYRjZP1t868
Culcha Candela,Monsta,2009,https://www.youtube.com/watch?v=JFFMh2OXikY
Rihanna,Russian Roulette,2009,https://www.youtube.com/watch?v=c6E3OeHg11U
The All-American Rejects,Gives You Hell,2009,https://www.youtube.com/watch?v=UdEN3YgPcqQ
Linkin Park,New Divide,2009,https://www.youtube.com/watch?v=Sk2x_k1GWt8
Cascada,Evacuate The Dancefloor,2009,https://www.youtube.com/watch?v=-uDixD4tXXU
Kelly Clarkson,My Life Would Suck Without You,2009,https://www.youtube.com/watch?v=j6bIRTv5toI
Lily Allen,Not Fair,2009,https://www.youtube.com/watch?v=Xfv52SEgCNA
Taio Cruz,Break Your Heart,2009,https://www.youtube.com/watch?v=uhz9Zn8UmlQ
La Roux,Bulletproof,2009,https://www.youtube.com/watch?v=MSkOmSK-PNs
Rihanna,Rude Boy,2009,https://www.youtube.com/watch?v=u-JFVczaNsY
Jay Sean feat. Lil Wayne,Down,2009,https://www.youtube.com/watch?v=DirKD1ecaw4
B.o.B feat. Bruno Mars,Nothin’ On You,2009,https://www.youtube.com/watch?v=Evv200wdenQ
Lily Allen,Fuck You,2009,https://www.youtube.com/watch?v=E5iUvpjii14
Billy Talent,Rusted From The Rain,2009,https://www.youtube.com/watch?v=zWb39GHpjEM
Paramore,The Only Exception,2009,https://www.youtube.com/watch?v=nXjhSMWBE30
Lady Antebellum,Need You Now,2009,https://www.youtube.com/watch?v=1xsCn9brLIU
3OH!3 feat. Katy Perry,Starstrukk,2009,https://www.youtube.com/watch?v=cezoS9Dj1Yc
Thirty Seconds to Mars,Kings And Queens,2009,https://www.youtube.com/watch?v=VSiTrGCAbt8
Rihanna,Te amo,2009,https://www.youtube.com/watch?v=tfjO4kuwmlA
Muse,Undisclosed Desires,2009,https://www.youtube.com/watch?v=NnsFzcmghRU
Thirty Seconds to Mars,Closer To The Edge,2009,https://www.youtube.com/watch?v=M4zigrgH-_k
Silbermond,Krieger des Lichts,2009,https://www.youtube.com/watch?v=pPrYezasKIM
Rammstein,Haifisch,2009,https://www.youtube.com/watch?v=M7LLpjoetgs
SpongeBob Schwammkopf,Titelsong,2009,https://www.youtube.com/watch?v=kGR9aJXS5XM
Helene Fischer,Ich will immer wieder… dieses Fieber spür’n,2009,https://www.youtube.com/watch?v=6GMlOVwjGYw
Culcha Candela,Schöne neue Welt,2009,https://www.youtube.com/watch?v=FT-tOU7ekF8
Donikkl,So a schöner Tag (Fliegerlied),2009,https://www.youtube.com/watch?v=Q65fxgCQeyA
Rammstein,Frühling in Paris,2009,https://www.youtube.com/watch?v=IDoA-Br5UgI
Rammstein,Pussy,2009,https://www.youtube.com/watch?v=qkO6iBwcoe4
Rammstein,Ich tu dir weh,2009,https://www.youtube.com/watch?v=IxuEtL7gxoM
Sportfreunde Stiller,Ich war noch niemals in New York,2009,https://www.youtube.com/watch?v=Q6lWRq33A6Y
Lady Gaga,Poker Face,2008,https://www.youtube.com/watch?v=BvJSig2WhnY
Emilíana Torrini,Jungle Drum,2008,https://www.youtube.com/watch?v=3zgai4KHnjM
Milow,Ayo Technology,2008,https://www.youtube.com/watch?v=XKO7YMbdp9s
Razorlight,Wire To Wire,2008,https://www.youtube.com/watch?v=ffKx2oP2pjQ
Schnuffel,Kuschel Song,2008,https://www.youtube.com/watch?v=zAHZoUa-hAg
Katy Perry,I Kissed A Girl,2008,https://www.youtube.com/watch?v=xHOgq4C8P9Y
Madonna feat. Justin Timberlake & Timbaland,4 Minutes,2008,https://www.youtube.com/watch?v=3cZP3k9rAnA
Polarkreis 18,Allein Allein,2008,https://www.youtube.com/watch?v=F7Lq8wwSDCo
Rosenstolz,Gib mir Sonne,2008,https://www.youtube.com/watch?v=xlEJttAGxik
Katy Perry,Hot n Cold,2008,https://www.youtube.com/watch?v=K9udREBvMdE
The Killers,Human,2008,https://www.youtube.com/watch?v=k4jR9P9YJGo
Coldplay,Viva la Vida,2008,https://www.youtube.com/watch?v=y4zdDXPYo0I
Söhne Mannheims,Das hat die Welt noch nicht gesehen,2008,https://www.youtube.com/watch?v=w6EKVJtI6fg
Florence + The Machine,Dog Days Are Over,2008,https://www.youtube.com/watch?v=vDHr85LiwUM
Kings of Leon,Sex on Fire,2008,https://www.youtube.com/watch?v=S0NIlWTP0Do
Kings of Leon,Use Somebody,2008,https://www.youtube.com/watch?v=tIC_fdz7mXA
Lady Gaga,Paparazzi,2008,https://www.youtube.com/watch?v=2dFrTJPuers
P!nk,So What,2008,https://www.youtube.com/watch?v=afHmzRHMK4Q
Beyoncé,Single Ladies (Put a Ring on It),2008,https://www.youtube.com/watch?v=g0olJFaTY-8
Peter Fox,Schwarz zu blau,2008,https://www.youtube.com/watch?v=kcAjZM439hA
Deichkind,Arbeit nervt,2008,https://www.youtube.com/watch?v=fhlz0-lCahM
Sido,Carmen,2008,https://www.youtube.com/watch?v=0q72IR2foeA
Die Atzen,Das geht ab (Wir feiern die ganze Nacht),2008,https://www.youtube.com/watch?v=vQqpMukDSP4
Lady Gaga,Just Dance,2008,https://www.youtube.com/watch?v=VgdGDR15qgs
Beyoncé,Halo,2008,https://www.youtube.com/watch?v=pCSL48AI_Ms
Rihanna,Disturbia,2008,https://www.youtube.com/watch?v=a9LwyQQbaTU
Bushido feat. Karel Gott,Für immer jung,2008,https://www.youtube.com/watch?v=8wPodRU8BLM
Peter Fox,Schüttel deinen Speck,2008,https://www.youtube.com/watch?v=eTFI7ZMR9T0
Tim Toupet,Fliegerlied,2008,https://www.youtube.com/watch?v=Urj1pGK4QUc
Udo Lindenberg,Mein Ding,2008,https://www.youtube.com/watch?v=ZFwSjgC8Cr4
Klee,Zwei Fragen,2008,https://www.youtube.com/watch?v=v0I-dLo76sA
Fettes Brot,Erdbeben,2008,https://www.youtube.com/watch?v=Vr-4I19J9lE
Adele,Chasing Pavements,2008,https://www.youtube.com/watch?v=UcuKB_DwbLU
James Morrison feat. Nelly Furtado,Broken Strings,2008,https://www.youtube.com/watch?v=hpuYWhGQ1LI
Britney Spears,Womanizer,2008,https://www.youtube.com/watch?v=JDlizzpkuxY
Lady Gaga,LoveGame,2008,https://www.youtube.com/watch?v=7IURGSOdrhQ
The Ting Tings,That’s Not My Name,2008,https://www.youtube.com/watch?v=RA6IevqiW88
Rihanna,Take A Bow,2008,https://www.youtube.com/watch?v=BuLPRSp_JZU
Stefanie Heinzmann,My Man Is A Mean Man,2008,https://www.youtube.com/watch?v=b8en_gr5X_s
Paramore,Decode,2008,https://www.youtube.com/watch?v=maoFYu9jIaE
Beyoncé,If I Were A Boy (Album Version),2008,https://www.youtube.com/watch?v=dsCv_NcT0uQ
Yael Naim,New Soul,2008,https://www.youtube.com/watch?v=PhJY4rSX9og
Marit Larsen,If A Song Could Get Me You,2008,https://www.youtube.com/watch?v=6YjV8lvZ9BI
P!nk,Sober,2008,https://www.youtube.com/watch?v=zXl09kcI0_Y
Katy Perry,Thinking Of You,2008,https://www.youtube.com/watch?v=fqDl0uZMsiw
P!nk,Please Don’t Leave Me,2008,https://www.youtube.com/watch?v=yPGCeuAfjmc
Akon,Right Now (Na Na Na),2008,https://www.youtube.com/watch?v=4EH1ukwycUw
Beyoncé,Sweet Dreams (Album Version),2008,https://www.youtube.com/watch?v=CJdrfJW7-Ik
P!nk,Funhouse,2008,https://www.youtube.com/watch?v=Z4uzzlDq3aQ
Chris Brown,Forever,2008,https://www.youtube.com/watch?v=2JlpEA0YjsA
The Offspring,"You’re Gonna Go Far, Kid",2008,https://www.youtube.com/watch?v=zEZRKgFIkxc
Sam Sparro,Black And Gold,2008,https://www.youtube.com/watch?v=eHuebHTD-lY
Lily Allen,The Fear,2008,https://www.youtube.com/watch?v=7F-lqOrRcIY
Sido,Augen auf,2008,https://www.youtube.com/watch?v=l4Q3N2TESBQ
Lady Gaga,"Eh, Eh (Nothing Else I Can Say)",2008,https://www.youtube.com/watch?v=WozxykbOZt4
Beyoncé,If I Were A Boy,2008,https://www.youtube.com/watch?v=dsCv_NcT0uQ
Katy Perry,Waking Up In Vegas,2008,https://www.youtube.com/watch?v=_7ZG5zWb_HQ
Guru Josh Project,Infinity (1990's... Time For The Guru),2008,https://www.youtube.com/watch?v=8rjpDYP9RBk
Rise Against,Hero Of War,2008,https://www.youtube.com/watch?v=MOV3X0dxed0
The Fray,You Found Me,2008,https://www.youtube.com/watch?v=ie1s-nGJUdQ
Ne-Yo,Closer,2008,https://www.youtube.com/watch?v=w-X_4Ytgncs
Akon feat. Kardinal Offishall & Colby O’Donis,Beautiful,2008,https://www.youtube.com/watch?v=rSOzN0eihsE
Clueso,Gewinner,2008,https://www.youtube.com/watch?v=UJpyFMXtZb4
Cassandra Steen,Darum leben wir,2008,https://www.youtube.com/watch?v=6ka1lsZcCnU
Peter Fox,Stadtaffe,2008,https://www.youtube.com/watch?v=HHHQui4_NrA
Krümel,"Zieh dich aus, wir müssen reden",2008,https://www.youtube.com/watch?v=QlHFt6QSibc
Axel Fischer,Amsterdam,2008,https://www.youtube.com/watch?v=q8NRgJRmNA0
Mickie Krause,Jan Pillemann Otze,2008,https://www.youtube.com/watch?v=Tf51J1tThKE
Peter Fox,Lok auf 2 Beinen,2008,https://www.youtube.com/watch?v=feNC22WbcNw
Deichkind,Luftbahn,2008,https://www.youtube.com/watch?v=SamQWQ992LI
Lützenkirchen,3 Tage wach,2008,https://www.youtube.com/watch?v=gifwADtA-c0
In Extremo,Frei zu sein,2008,https://www.youtube.com/watch?v=_g9QmS9YvpI
Clueso,Keinen Zentimeter,2008,https://www.youtube.com/watch?v=ZkkL24BID58
Die Toten Hosen,Strom,2008,https://www.youtube.com/watch?v=oX0w21HMkxU
Leona Lewis,Bleeding Love,2007,https://www.youtube.com/watch?v=3SttVoJ_8N8
Timbaland Presents OneRepublic,Apologize,2007,https://www.youtube.com/watch?v=rF5oITEq43Q
Kid Rock,All Summer Long,2007,https://www.youtube.com/watch?v=yc_il86U6ik
Duffy,Mercy,2007,https://www.youtube.com/watch?v=eJCrb1oNbH4
Ich + Ich,So soll es bleiben,2007,https://www.youtube.com/watch?v=nTb-tyfFcTM
Amy Macdonald,This Is The Life,2007,https://www.youtube.com/watch?v=QBlq5sJWVbs
Gabriella Cilmi,Sweet About Me,2007,https://www.youtube.com/watch?v=TREC5FzgHrg
Rihanna feat. Jay-Z,Umbrella,2007,https://www.youtube.com/watch?v=EPtrQpx9VDw
Ich + Ich,Vom selben Stern,2007,https://www.youtube.com/watch?v=cDoHZb9vCs4
Mark Medlock,Now Or Never,2007,https://www.youtube.com/watch?v=wHN8AJZsSx0
Mark Medlock / Dieter Bohlen,You Can Get It,2007,https://www.youtube.com/watch?v=HHKRTIqmn6Y
Culcha Candela,Hamma!,2007,https://www.youtube.com/watch?v=3q9fD6UA4xs
Alex C. feat. Y-ass,Du hast den schönsten Arsch der Welt,2007,https://www.youtube.com/watch?v=mseAAV455hI
Monrose,Hot Summer,2007,https://www.youtube.com/watch?v=U-LTZALjWfM
Die Ärzte,Junge,2007,https://www.youtube.com/watch?v=lsrjVH-o5fk
James Blunt,1973,2007,https://www.youtube.com/watch?v=uWeqeQkjLto
Linkin Park,What I've Done,2007,https://www.youtube.com/watch?v=SAmalp-W8I8
Rihanna,Don't Stop The Music,2007,https://www.youtube.com/watch?v=wChU2N7Q3GU
Ville Valo & Natalia Avelon,Summer Wine,2007,https://www.youtube.com/watch?v=ONdsLfVZMso
Die Ärzte,Lasse redn,2007,https://www.youtube.com/watch?v=LWU0hJ4K24s
Amy Winehouse,Valerie,2007,https://www.youtube.com/watch?v=NowjRIm6eqY
Peter Wackel,Joana (Du geile Sau),2007,https://www.youtube.com/watch?v=8zW9trhJ_TQ
Broilers,Meine Sache,2007,https://www.youtube.com/watch?v=bUZh2sUroxk
Pur,Party Hitmix,2007,https://www.youtube.com/watch?v=WW-HDijZR_Y
Markus Becker,Das rote Pferd,2007,https://www.youtube.com/watch?v=bScJuBH-qJc
Foo Fighters,The Pretender,2007,https://www.youtube.com/watch?v=HRWJ7FxGwVg
Arctic Monkeys,505,2007,https://www.youtube.com/watch?v=1Jd2DysfCW8
Flo Rida feat. T-Pain,Low,2007,https://www.youtube.com/watch?v=CxPc1Q3-0zc
Mickie Krause,Finger im Po - Mexiko,2007,https://www.youtube.com/watch?v=zIQa1becVXc
2raumwohnung,36 Grad,2007,https://www.youtube.com/watch?v=itRhr_IdsQY
Fall Out Boy,Thnks fr th Mmrs,2007,https://www.youtube.com/watch?v=OFG04sXpbf8
Rooney,When Did Your Heart Go Missing?,2007,https://www.youtube.com/watch?v=CXJBMK6sCdY
Tokio Hotel,An deiner Seite (Ich bin da),2007,https://www.youtube.com/watch?v=jIwEoTrt6Ug
Ohrbooten,Man lebt nur einmal,2007,https://www.youtube.com/watch?v=xxq1V1n800M
Avril Lavigne,Girlfriend,2007,https://www.youtube.com/watch?v=MLEfglaTmd0
Avril Lavigne,When You’re Gone,2007,https://www.youtube.com/watch?v=uQ2zWZRlx4c
OneRepublic,Stop And Stare,2007,https://www.youtube.com/watch?v=lKaY-yMRTzc
Timbaland feat. Keri Hilson & D.O.E.,The Way I Are,2007,https://www.youtube.com/watch?v=HFUXza-YIsM
Linkin Park,Leave Out All The Rest,2007,https://www.youtube.com/watch?v=Ff__cLSdad4
Paramore,Misery Business,2007,https://www.youtube.com/watch?v=qV7IhHFnhJc
Linkin Park,Shadow Of The Day,2007,https://www.youtube.com/watch?v=OEz7j3_jTRk
Maroon 5,Makes Me Wonder,2007,https://www.youtube.com/watch?v=MDw_qTaS-Yc
Alicia Keys,No One,2007,https://www.youtube.com/watch?v=KBqu4cZ1GyA
Linkin Park,Bleed It Out,2007,https://www.youtube.com/watch?v=9Ha2501gXgM
Jordin Sparks with Chris Brown,No Air,2007,https://www.youtube.com/watch?v=o1gBU5E1bhE
Sean Kingston,Beautiful Girls,2007,https://www.youtube.com/watch?v=ITtJ-jegSZo
Rihanna,Shut Up And Drive,2007,https://www.youtube.com/watch?v=lq_FTgXwFn4
Finger Eleven,Paralyzer,2007,https://www.youtube.com/watch?v=aF18NehJxos
Mika,Love Today,2007,https://www.youtube.com/watch?v=AWiccrTB4LM
Leona Lewis,Better In Time,2007,https://www.youtube.com/watch?v=Q3moUG217D0
Sara Bareilles,Love Song,2007,https://www.youtube.com/watch?v=--F4300T_is
Calvin Harris,Acceptable In The 80s,2007,https://www.youtube.com/watch?v=x4k4YnEbRfw
Beyoncé & Shakira,Beautiful Liar,2007,https://www.youtube.com/watch?v=m_2acrrUNto
Paramore,Crushcrushcrush,2007,https://www.youtube.com/watch?v=ZRpJe63wBxE
Britney Spears,Gimme More,2007,https://www.youtube.com/watch?v=xFyihUstuNQ
Simple Plan,Your Love Is A Lie,2007,https://www.youtube.com/watch?v=wWhXtp76hDA
Paramore,That’s What You Get,2007,https://www.youtube.com/watch?v=qPOrNGF0YZs
David Guetta feat. Chris Willis,Love Is Gone,2007,https://www.youtube.com/watch?v=beGjncfEPt8
Pitbull,I Know You Want Me (Calle Ocho),2007,https://www.youtube.com/watch?v=OTieDm_uKsU
Fall Out Boy,"This Ain’t A Scene, It’s An Arms Race",2007,https://www.youtube.com/watch?v=MwEKxy-fNUc
Nightwish,Amaranth,2007,https://www.youtube.com/watch?v=T-B0zZUOAdg
3 Doors Down,It’s Not My Time,2007,https://www.youtube.com/watch?v=pqwxmwTeBBw
Maroon 5,Won’t Go Home Without You,2007,https://www.youtube.com/watch?v=PwO1kmQ9fNk
Ich + Ich,Stark,2007,https://www.youtube.com/watch?v=l3gnkoRXQIU
Culcha Candela,Berlin City Girl,2007,https://www.youtube.com/watch?v=wtFslHXMSRY
Roger Cicero,Die Liste,2007,https://www.youtube.com/watch?v=iINFkY4oRtI
Rühmanns (Sch)erben,"Ein Freund, ein guter Freund",2007,https://www.youtube.com/watch?v=6Y75nDoo-Ds
Fritz & The Downhill Gang,Genie auf die Ski,2007,https://www.youtube.com/watch?v=AocVoaPfB08
PS Alex,"Eine Frau, die mich nach Hause trägt",2007,https://www.youtube.com/watch?v=eLaWqsqUrb8
Culcha Candela,Ey DJ,2007,https://www.youtube.com/watch?v=Ak4atQfKxb4
Die Ärzte,Himmelblau,2007,https://www.youtube.com/watch?v=zCYb5JzFgP4
Die Ärzte,Lied vom Scheitern,2007,https://www.youtube.com/watch?v=ZvEcZYUv7Ik
2raumwohnung,Besser geht’s nicht,2007,https://www.youtube.com/watch?v=aXjt-HHX_00
Michael Wendler,Sie liebt den DJ (2007),2007,https://www.youtube.com/watch?v=soqGG5K13QA
Basshunter,Boten Anna (German),2007,https://www.youtube.com/watch?v=1XK5-n4rR7Q
LaFee,Heul doch,2007,https://www.youtube.com/watch?v=BMlrc00FKVU
Tobee,Lotusblume,2007,https://www.youtube.com/watch?v=qAGumIM-L2o
Die Ärzte,Nur einen Kuss,2007,https://www.youtube.com/watch?v=juXIi-_4OHU
Wir sind Helden,Soundso,2007,https://www.youtube.com/watch?v=Xqci3BMjpJc
Tim Toupet,Ich bin ein Döner,2007,https://www.youtube.com/watch?v=oIVrQvG0OwA
DJ Ötzi & Nik P.,Ein Stern (... der deinen Namen trägt),2006,https://www.youtube.com/watch?v=2Ua9af7xC9c
Nelly Furtado,All Good Things (Come To An End),2006,https://www.youtube.com/watch?v=ZIWSXIUJm0g
Nelly Furtado,Say It Right,2006,https://www.youtube.com/watch?v=NmJmtKFAhiE
Monrose,Shame,2006,https://www.youtube.com/watch?v=hVkfam4U5aY
Texas Lightning,No No Never,2006,https://www.youtube.com/watch?v=6qWYNtUdLwM
Shakira feat. Wyclef Jean,Hips Don't Lie,2006,https://www.youtube.com/watch?v=p3pEe6aAJ4k
Gnarls Barkley,Crazy,2006,https://www.youtube.com/watch?v=-N4jf6rtyuw
Sportfreunde Stiller,"54, '74, '90, 2006",2006,https://www.youtube.com/watch?v=rj9KyVpCfYg
Herbert Grönemeyer feat. Amadou & Mariam,"Zeit, dass sich was dreht",2006,https://www.youtube.com/watch?v=LKi4BlO_ls8
Silbermond,Das Beste,2006,https://www.youtube.com/watch?v=LyYAQHDMqfA
Rihanna,Unfaithful,2006,https://www.youtube.com/watch?v=pjqBRC5UqYg
Nelly Furtado,Maneater,2006,https://www.youtube.com/watch?v=hUxSboj-FzI
Justin Timberlake,SexyBack,2006,https://www.youtube.com/watch?v=Cg6IDiTqIUs
Sunrise Avenue,Fairytale Gone Bad,2006,https://www.youtube.com/watch?v=rTPTEibUiNI
Christina Aguilera,Hurt,2006,https://www.youtube.com/watch?v=7AY8iJtu_9Q
Rosenstolz,Ich geh in Flammen auf,2006,https://www.youtube.com/watch?v=Cp3hS6agd_o
Sido,Schlechtes Vorbild,2006,https://www.youtube.com/watch?v=nNPRdDe_Y_A
Amy Winehouse,Rehab,2006,https://www.youtube.com/watch?v=PdxH9DkUIjM
Amy Winehouse,Back to Black,2006,https://www.youtube.com/watch?v=TJAfLE39ZZ8
Jan Delay,Klar,2006,https://www.youtube.com/watch?v=t2Owz1J5q2U
Red Hot Chili Peppers,Snow (Hey Oh),2006,https://www.youtube.com/watch?v=egpE0ysQ21Q
Akon ft. Eminem,Smack That,2006,https://www.youtube.com/watch?v=bKDdT_nyP54
Beyoncé,Irreplaceable,2006,https://www.youtube.com/watch?v=3qB20A7c0hc
Nelly Furtado,Promiscuous,2006,https://www.youtube.com/watch?v=VXPvpK2ct4M
Gwen Stefani,The Sweet Escape,2006,https://www.youtube.com/watch?v=O0lf_fE3HwA
MIA.,Tanz der Moleküle,2006,https://www.youtube.com/watch?v=dhAs51kusLU
Juli,Dieses Leben,2006,https://www.youtube.com/watch?v=iAMEXJBZ0W4
Pohlmann,Wenn jetzt Sommer wär,2006,https://www.youtube.com/watch?v=_JlbRKlIbR8
Snow Patrol,Chasing Cars,2006,https://www.youtube.com/watch?v=rbgiJu7YFvo
P!nk,Dear Mr. President,2006,https://www.youtube.com/watch?v=1oJ_f8SUavk
My Chemical Romance,Welcome To The Black Parade,2006,https://www.youtube.com/watch?v=exfvIdOjMQ0
Panic! At The Disco,I Write Sins Not Tragedies,2006,https://www.youtube.com/watch?v=V3soG5njoNw
The Kooks,Naive,2006,https://www.youtube.com/watch?v=7GnVMfBP0Ds
Bushido,Sonnenbank Flavour,2006,https://www.youtube.com/watch?v=Pp0yxAkclGY
Amy Winehouse,Tears Dry On Their Own,2006,https://www.youtube.com/watch?v=_tX4s0EuCTY
Mika,Big Girl (You Are Beautiful),2006,https://www.youtube.com/watch?v=a6qy0ze8kYc
Rihanna,SOS,2006,https://www.youtube.com/watch?v=OFfVQCVzjZU
Fergie,Big Girls Don’t Cry,2006,https://www.youtube.com/watch?v=6i87fbFeXcI
Billy Talent,Fallen Leaves,2006,https://www.youtube.com/watch?v=Y_rfVQHQZyo
James Morrison,You Give Me Something,2006,https://www.youtube.com/watch?v=NrqjQjO4LsI
Mika,Grace Kelly,2006,https://www.youtube.com/watch?v=2xYnXctfQtk
The Pussycat Dolls feat. Snoop Dogg,Buttons,2006,https://www.youtube.com/watch?v=4vISbwy45gs
Billy Talent,Surrender,2006,https://www.youtube.com/watch?v=89n7x6PyqOg
Justin Timberlake,What Goes Around… Comes Around (Radio Edit),2006,https://www.youtube.com/watch?v=c2Lf7v-sK7A
P!nk,U + Ur Hand,2006,https://www.youtube.com/watch?v=91fs7FrWDtg
Muse,Starlight,2006,https://www.youtube.com/watch?v=xy-H6_cOUN8
Billy Talent,Red Flag,2006,https://www.youtube.com/watch?v=iCQYRBVfYNc
The Killers,When You Were Young,2006,https://www.youtube.com/watch?v=qMsBnGopqkA
Muse,Supermassive Black Hole,2006,https://www.youtube.com/watch?v=cLhDxz0gzVA
Jan Delay,Für immer und dich,2006,https://www.youtube.com/watch?v=8b58l0tAhzo
Tobias Regner,I Still Burn,2006,https://www.youtube.com/watch?v=l0Uv9Hk-BXc
US5,Mama,2006,https://www.youtube.com/watch?v=xoDH5STiuX0
Rise Against,Prayer Of The Refugee,2006,https://www.youtube.com/watch?v=0TC_-cU2FiU
Milow,You Don’t Know,2006,https://www.youtube.com/watch?v=YZaM-E4OqTk
Fergie,Clumsy,2006,https://www.youtube.com/watch?v=sZ2nQgU2WL8
Breaking Benjamin,The Diary Of Jane,2006,https://www.youtube.com/watch?v=AiBG6vuLrzY
Lily Allen,LDN,2006,https://www.youtube.com/watch?v=a4T2SqCGKds
Olaf Henning,Cowboy und Indianer (Komm hol’ das Lasso raus),2006,https://www.youtube.com/watch?v=DZrXWdLxtfM
Tenacious D,Kickapoo,2006,https://www.youtube.com/watch?v=hvvjiE4AdUI
Beyoncé,Listen,2006,https://www.youtube.com/watch?v=MHo3rIYXiZY
Evanescence,Lithium,2006,https://www.youtube.com/watch?v=c_gzZjFLgmA
Muse,Knights Of Cydonia,2006,https://www.youtube.com/watch?v=G_sBOsh-vyI
Mika,"Relax, Take It Easy",2006,https://www.youtube.com/watch?v=EVDYmBrl02Q
Fergie,Big Girls Don’t Cry (Album Version),2006,https://www.youtube.com/watch?v=agrXgrAgQ0U
Chris Brown,Yo (Excuse Me Miss),2006,https://www.youtube.com/watch?v=qo8jmDHv9Pc
Mickie Krause,Laudato si,2006,https://www.youtube.com/watch?v=I16oN1BCkg8
Kaiser Chiefs,Ruby,2006,https://www.youtube.com/watch?v=VEfqozzL5uc
Stone Sour,Through Glass,2006,https://www.youtube.com/watch?v=6ND_NYCPLRw
Three Days Grace,Animal I Have Become,2006,https://www.youtube.com/watch?v=n9h7hU6_VI4
Billy Talent,Devil In A Midnight Mass,2006,https://www.youtube.com/watch?v=8WMH4So_9Xk
Oliver Pocher,Schwarz und weiß,2006,https://www.youtube.com/watch?v=B9od0nCPwpo
Taylor Swift,Our Song,2006,https://www.youtube.com/watch?v=766dAHq7a0w
Lollies,"Wenn Du denkst Du denkst, dann denkst Du nur Du denkst!",2006,https://www.youtube.com/watch?v=2vf5NMVq1jw
P!nk,Who Knew,2006,https://www.youtube.com/watch?v=NJWIbIe0N90
Clueso,Chicago,2006,https://www.youtube.com/watch?v=pTNZP5Ii5hg
Juli,Wir beide,2006,https://www.youtube.com/watch?v=XICuIB48Ekg
Silbermond,Unendlich,2006,https://www.youtube.com/watch?v=6Lv7ZG3uTfE
Jumpy feat. Mungo Jerry,In der Winterzeit (In The Wintertime),2006,https://www.youtube.com/watch?v=Wvj8ChXlqXk
Peter Wackel,Ü30,2006,https://www.youtube.com/watch?v=teqmgxiBT4Q
Rheinländer,Wir alle wollen immer nur das eine,2006,https://www.youtube.com/watch?v=RTBxYe1tIwA
Madsen,Du schreibst Geschichte,2006,https://www.youtube.com/watch?v=0dPa4nrb6kY
Rosenstolz,Ich bin ich (Wir sind wir),2006,https://www.youtube.com/watch?v=4M3YiNPirnA
Wise Guys,Radio,2006,https://www.youtube.com/watch?v=ChsFDgB0HyE
Helene Fischer,Und morgen früh küss’ ich dich wach,2006,https://www.youtube.com/watch?v=OKkYlb28SxU
Ohrbooten feat. Johnny Strange,Autobahn,2006,https://www.youtube.com/watch?v=tWTkoC_O3zw
Christina Stürmer,Scherbenmeer,2006,https://www.youtube.com/watch?v=v_dBko6BPO8
Helge Schneider,Käsebrot,2006,https://www.youtube.com/watch?v=W7-TqNr1eg4
Mattafix,Big City Life,2005,https://www.youtube.com/watch?v=nWtyRT99Rfg
Eros Ramazzotti & Anastacia,I Belong To You (il ritmo della passione),2005,https://www.youtube.com/watch?v=hNzunFoClh0
Xavier Naidoo,Dieser Weg,2005,https://www.youtube.com/watch?v=RPN88D_HjMU
Tokio Hotel,Durch den Monsun,2005,https://www.youtube.com/watch?v=ckKCBRxN2J0
The Pussycat Dolls feat. Busta Rhymes,Don't Cha,2005,https://www.youtube.com/watch?v=dsKW6RJdzLM
Die Firma,Die Eine 2005,2005,https://www.youtube.com/watch?v=HR00F3VnlcE
James Blunt,You're Beautiful,2005,https://www.youtube.com/watch?v=M_q82PPHduI
Madonna,Hung Up,2005,https://www.youtube.com/watch?v=vt1PkRXjKGw
Sugababes,Push the Button,2005,https://www.youtube.com/watch?v=oC4Q5cBaOsU
Fettes Brot,Emanuela,2005,https://www.youtube.com/watch?v=O5w-cks4LKA
Melanie C,First Day of My Life,2005,https://www.youtube.com/watch?v=0TEaHoQ9ZjA
Robbie Williams,Tripping,2005,https://www.youtube.com/watch?v=gwPsWvYWrF8
Bob Sinclar feat. Gary Pine,Love Generation,2005,https://www.youtube.com/watch?v=eY30nYGR9Ts
50 Cent feat. Olivia,Candy Shop,2005,https://www.youtube.com/watch?v=AYZIIATwgks
Ch!pz,Ch!pz In Black,2005,https://www.youtube.com/watch?v=WY6DhT7wsno
Cascada,Everytime We Touch,2005,https://www.youtube.com/watch?v=g_osW9OINIA
Wir sind Helden,Nur ein Wort,2005,https://www.youtube.com/watch?v=X5kmM98iklo
The Black Eyed Peas,Pump It,2005,https://www.youtube.com/watch?v=aGj-tt1FeHQ
Coldplay,Fix You,2005,https://www.youtube.com/watch?v=bzRMneypG04
Seeed,Aufstehn!,2005,https://www.youtube.com/watch?v=XOYGw7sRKSk
Kelly Clarkson,Because Of You,2005,https://www.youtube.com/watch?v=9SAh14Kt4n8
Höhner,"Wenn nicht jetzt, wann dann?",2005,https://www.youtube.com/watch?v=mfTPbZbTLsc
Rihanna,Pon de Replay,2005,https://www.youtube.com/watch?v=vHIgRoVzrhM
Gorillaz,Feel Good Inc.,2005,https://www.youtube.com/watch?v=IbpOfzrNjTY
The Fray,How To Save A Life,2005,https://www.youtube.com/watch?v=wgXlRr4VLPI
Fall Out Boy,"Sugar, We're Goin Down",2005,https://www.youtube.com/watch?v=H_IEIG57FRc
50 Cent,Candy Shop,2005,https://www.youtube.com/watch?v=AYZIIATwgks
Peter Wackel,Schwarze Natascha,2005,https://www.youtube.com/watch?v=J-MHp8z9Lx0
Black Eyed Peas,My Humps,2005,https://www.youtube.com/watch?v=S_nXzdSmGYM
Kool Savas,Das Urteil,2005,https://www.youtube.com/watch?v=7jS9zSRb11g
Fler,NDW 2005,2005,https://www.youtube.com/watch?v=RkoRz656OOM
Kelly Clarkson,Behind These Hazel Eyes,2005,https://www.youtube.com/watch?v=4rJEPWj23CI
Plain White T’s,Hey There Delilah,2005,https://www.youtube.com/watch?v=SrIxz9wHUX8
KT Tunstall,Suddenly I See,2005,https://www.youtube.com/watch?v=ThaW-YMFVus
Coldplay,Speed Of Sound (Album Version),2005,https://www.youtube.com/watch?v=AQ9olYGn6UQ
Franz Ferdinand,Do You Want To,2005,https://www.youtube.com/watch?v=1OJRRUnY--A
Nickelback,Rockstar,2005,https://www.youtube.com/watch?v=7F3a4QRcuSU
Revolverheld,Die Welt steht still,2005,https://www.youtube.com/watch?v=rnjtXSusUn8
Corinne Bailey Rae,Put Your Records On,2005,https://www.youtube.com/watch?v=E-_JcJiUOII
Revolverheld,Mit dir chilln,2005,https://www.youtube.com/watch?v=wO_fSipy5l0
Thirty Seconds to Mars,The Kill (Bury Me) (Album Version),2005,https://www.youtube.com/watch?v=2SpzrzIEqzE
Eminem,When I’m Gone,2005,https://www.youtube.com/watch?v=AJG-6U_2f-8
Goldfrapp,Ooh La La,2005,https://www.youtube.com/watch?v=Enefd_OLB8c
Foo Fighters,Best Of You,2005,https://www.youtube.com/watch?v=ML4mGgtMNEo
Xavier Naidoo,Zeilen aus Gold,2005,https://www.youtube.com/watch?v=jKbAchSzmvk
System of a Down,Lonely Day,2005,https://www.youtube.com/watch?v=zqDxa0KNlsM
Backstreet Boys,Incomplete,2005,https://www.youtube.com/watch?v=WVe80iZtlYU
Nickelback,Far Away,2005,https://www.youtube.com/watch?v=Q2VGg2v6UQk
Banaroo,Dubi Dam Dam,2005,https://www.youtube.com/watch?v=X1So0XszMZo
James Blunt,Goodbye My Lover,2005,https://www.youtube.com/watch?v=WRIn-X0YKQo
Fall Out Boy,"Dance, Dance",2005,https://www.youtube.com/watch?v=z1237BOLkaM
Thirty Seconds to Mars,A Beautiful Lie,2005,https://www.youtube.com/watch?v=a3MFTHllJ90
Amerie,1 Thing,2005,https://www.youtube.com/watch?v=qoKMR3572Sk
Nickelback,Savin’ Me,2005,https://www.youtube.com/watch?v=vv8FPpIYGcY
Arctic Monkeys,I Bet You Look Good On The Dancefloor,2005,https://www.youtube.com/watch?v=qJFqgkHD-uQ
Sugababes,Ugly,2005,https://www.youtube.com/watch?v=d_wJKT3vAqQ
Bullet For My Valentine,All These Things I Hate (Revolve Around Me),2005,https://www.youtube.com/watch?v=YE7enETEZQ8
Bloodhound Gang,Foxtrot Uniform Charlie Kilo,2005,https://www.youtube.com/watch?v=0Q7Jyjw_dfg
Rammstein,Rosenrot,2005,https://www.youtube.com/watch?v=K3htQEi-Rpc
Tokio Hotel,Schrei,2005,https://www.youtube.com/watch?v=s3pCI7q2At4
Dragon Ball Z,Du wirst unbesiegbar sein,2005,https://www.youtube.com/watch?v=mshuyeVWyNk
Wir sind Helden,Von hier an blind,2005,https://www.youtube.com/watch?v=xyNWUY-wH5g
Christina Stürmer,Engel fliegen einsam,2005,https://www.youtube.com/watch?v=f2AK5W8Fmng
Fettes Brot mit Finkenauer,An Tagen wie diesen,2005,https://www.youtube.com/watch?v=fbChSuSQIo4
Revolverheld,Freunde bleiben,2005,https://www.youtube.com/watch?v=mgWOqtF6gZQ
Ich + Ich,Du erinnerst mich an Liebe,2005,https://www.youtube.com/watch?v=sFg6y3v03nw
In Extremo,Liam,2005,https://www.youtube.com/watch?v=8WeZqI8Lkw0
Nena,Liebe ist,2005,https://www.youtube.com/watch?v=6mnSE-5xL7c
Rammstein feat. Sharleen Spiteri,Stirb nicht vor mir,2005,https://www.youtube.com/watch?v=F2L2q1ce4dQ
Juli,Regen und Meer,2005,https://www.youtube.com/watch?v=SU6sLDpfOss
Annett Louisan,Das Gefühl,2005,https://www.youtube.com/watch?v=K-IMNBCj15A
Subway to Sally,Eisblumen,2005,https://www.youtube.com/watch?v=TLVtvBwquAA
Eminem,Mockingbird,2004,https://www.youtube.com/watch?v=S9bCLPwzSC0
Akon,Lonely,2004,https://www.youtube.com/watch?v=w4RXGsLyfXU
K-Maro,Femme Like U (Donne-moi ton corps),2004,https://www.youtube.com/watch?v=DGtoNVi66HA
Söhne Mannheims,Und wenn ein Lied,2004,https://www.youtube.com/watch?v=7kjhvEBzayk
Juanes,La camisa negra,2004,https://www.youtube.com/watch?v=KVLHUXyzobM
De Randfichten,Lebt denn dr alte Holzmichl noch...?,2004,https://www.youtube.com/watch?v=nhe4HekzFio
Usher feat. Lil' Jon & Ludacris,Yeah,2004,https://www.youtube.com/watch?v=iCL04cxeMOE
Max,Can't Wait Until Tonight,2004,https://www.youtube.com/watch?v=5ZX9Ig7XXsw
Oomph!,Augen auf!,2004,https://www.youtube.com/watch?v=HP-5fvykK78
Mario Winans feat. Enya & P. Diddy,I Don't Wanna Know,2004,https://www.youtube.com/watch?v=84nxR3fAwdc
Eric Prydz,Call on Me,2004,https://www.youtube.com/watch?v=-6hpGaTkP0A
Juli,Perfekte Welle,2004,https://www.youtube.com/watch?v=H5vJXxvJ3F8
Anastacia,Left Outside Alone,2004,https://www.youtube.com/watch?v=grfuW9nB9po
Die Fantastischen Vier,Troy,2004,https://www.youtube.com/watch?v=OkpCrzs-O18
Juli,Geile Zeit,2004,https://www.youtube.com/watch?v=kWdLI_DPc9w
Green Day,Boulevard of Broken Dreams,2004,https://www.youtube.com/watch?v=hBvJyi3fbtA
Sido,Mein Block,2004,https://www.youtube.com/watch?v=H4odG4d_88g
Rammstein,Ohne dich,2004,https://www.youtube.com/watch?v=wAQPCmtnBak
Kelly Clarkson,Since U Been Gone,2004,https://www.youtube.com/watch?v=pXckRcbYaj0
The Black Eyed Peas,Let's Get It Started,2004,https://www.youtube.com/watch?v=uS9A9lqd7-k
Silbermond,Symphonie,2004,https://www.youtube.com/watch?v=H16zgOpfUSU
Sportfreunde Stiller,Ich roque,2004,https://www.youtube.com/watch?v=1cfX-2mfVQc
Green Day,American Idiot,2004,https://www.youtube.com/watch?v=kqkGY9jsBOw
The Killers,Somebody Told Me,2004,https://www.youtube.com/watch?v=hsmDSrySBWM
Gwen Stefani,Hollaback Girl,2004,https://www.youtube.com/watch?v=Kgjkth6BRRY
Usher,Burn,2004,https://www.youtube.com/watch?v=CF1F2osmOj0
Silbermond,Durch die Nacht,2004,https://www.youtube.com/watch?v=3fXkngQhtJM
Franz Ferdinand,Take Me Out,2004,https://www.youtube.com/watch?v=A8IcedBzs14
Snoop Dogg,Drop It Like It's Hot,2004,https://www.youtube.com/watch?v=y3Lvh3wvYIA
Avril Lavigne,My Happy Ending,2004,https://www.youtube.com/watch?v=R4Z3jxJM3Ag
Daniel Powter,Bad Day,2004,https://www.youtube.com/watch?v=-rYjfciwWGk
Kaiser Chiefs,I Predict A Riot,2004,https://www.youtube.com/watch?v=6_SFCfi-7h4
Gwen Stefani,What You Waiting For?,2004,https://www.youtube.com/watch?v=JqrWGlb2INc
Bowling For Soup,1985,2004,https://www.youtube.com/watch?v=xorgqoL_t0k
Keane,Everybody’s Changing,2004,https://www.youtube.com/watch?v=1gKAXci3FDE
KT Tunstall,Black Horse & The Cherry Tree,2004,https://www.youtube.com/watch?v=0JsBN8BKwQQ
Rammstein,Amerika,2004,https://www.youtube.com/watch?v=_RHLI9CameM
Green Day,Holiday,2004,https://www.youtube.com/watch?v=Ajxn0PKbv7I
Natasha Bedingfield,Unwritten,2004,https://www.youtube.com/watch?v=vRQb_-mRcAc
Keane,Somewhere Only We Know,2004,https://www.youtube.com/watch?v=-HwPKDlb3e8
Avril Lavigne,Nobody’s Home,2004,https://www.youtube.com/watch?v=2T6lLWTk5FI
Kelly Clarkson,Breakaway,2004,https://www.youtube.com/watch?v=NvQ550Ky_D8
Slipknot,Duality,2004,https://www.youtube.com/watch?v=p0RqacA-nDM
Simple Plan,Welcome To My Life,2004,https://www.youtube.com/watch?v=hmCj7k2ZHuo
My Chemical Romance,Helena,2004,https://www.youtube.com/watch?v=XBNZxfGUBaE
Rise Against,Swing Life Away,2004,https://www.youtube.com/watch?v=x8Qh-q4H-nI
Beatsteaks,Hand In Hand,2004,https://www.youtube.com/watch?v=aWbpT9hNAYQ
Peter Wackel,Ladioo (Original Mix),2004,https://www.youtube.com/watch?v=-w4Mh-njf20
Rammstein,Mein Teil,2004,https://www.youtube.com/watch?v=6HssxRSF-zo
Wise Guys,Nur für dich,2004,https://www.youtube.com/watch?v=40bLwsLR0fE
Rammstein,Amour,2004,https://www.youtube.com/watch?v=OE_QYbm-Cqg
Rammstein,Keine Lust,2004,https://www.youtube.com/watch?v=5kSazrOTe-k
Annett Louisan,Das Spiel,2004,https://www.youtube.com/watch?v=hV5BfVyUKy4
Die Toten Hosen,Freunde,2004,https://www.youtube.com/watch?v=bL_lkBYQAAg
Die Toten Hosen,Walkampf,2004,https://www.youtube.com/watch?v=-2BQQkoj3i4
Rosenstolz,Liebe ist alles,2004,https://www.youtube.com/watch?v=TfaBXQHDWg4
Yvonne Catterfeld,Du hast mein Herz gebrochen,2004,https://www.youtube.com/watch?v=1Sq7MUvJqdU
O-Zone,Dragostea din tei,2003,https://www.youtube.com/watch?v=3xx0s147Xj4
Eamon,F**k It (I Don't Want You Back),2003,https://www.youtube.com/watch?v=QYwyaCd8MyI
The Black Eyed Peas,Shut Up,2003,https://www.youtube.com/watch?v=nKQ3yZvN1To
Haiducii,Dragostea din tei,2003,https://www.youtube.com/watch?v=YnopHCL1Jk8
Alexander,Take Me Tonight,2003,https://www.youtube.com/watch?v=3M3l69Mjwoo
Yvonne Catterfeld,Für dich,2003,https://www.youtube.com/watch?v=chQBjzF0rKM
RZA feat. Xavier Naidoo,Ich kenne nichts (das so schön ist wie du),2003,https://www.youtube.com/watch?v=RPN88D_HjMU
The Black Eyed Peas,Where Is The Love?,2003,https://www.youtube.com/watch?v=2vlJbwKiH68
The Rasmus,In The Shadows,2003,https://www.youtube.com/watch?v=WO8YyLYKMvA
Britney Spears,Toxic,2003,https://www.youtube.com/watch?v=83AOwdfH1Z0
Evanescence,Bring Me To Life,2003,https://www.youtube.com/watch?v=JixFMKqQU5w
Dido,White Flag,2003,https://www.youtube.com/watch?v=tKVcwJuthnY
50 Cent,In Da Club,2003,https://www.youtube.com/watch?v=H3axP4norfk
Overground,Schick mir 'nen Engel,2003,https://www.youtube.com/watch?v=m9Z_zPPurl4
Lumidee,Never Leave You (Uh-Oooh),2003,https://www.youtube.com/watch?v=TkOrydZNd8w
The Killers,Mr. Brightside,2003,https://www.youtube.com/watch?v=j8tZs6G_h7U
Linkin Park,Numb,2003,https://www.youtube.com/watch?v=8P0vKLHbtMg
Höhner,Viva Colonia,2003,https://www.youtube.com/watch?v=37RPcWyHxLE
Die Ärzte,Unrockbar,2003,https://www.youtube.com/watch?v=B90N4zCxcYU
Die Ärzte,Deine Schuld,2003,https://www.youtube.com/watch?v=KdY7kU09R0I
Blink-182,I Miss You,2003,https://www.youtube.com/watch?v=bEiexyUqZLA
Limp Bizkit,Behind Blue Eyes,2003,https://www.youtube.com/watch?v=FLFEdF7UJ6g
OutKast,Roses,2003,https://www.youtube.com/watch?v=_Rq_jDg-uB4
Beyoncé,Crazy In Love,2003,https://www.youtube.com/watch?v=Fza-mF31CuQ
Fountains of Wayne,Stacy's Mom,2003,https://www.youtube.com/watch?v=0q-oAX3boTk
DJ Ötzi,Burger Dance,2003,https://www.youtube.com/watch?v=V8XJ_uTXcNM
Wir sind Helden,Aurélie,2003,https://www.youtube.com/watch?v=V75oTxO-d8Q
Hoobastank,The Reason,2003,https://www.youtube.com/watch?v=-F9nCQtxkRw
Jet,Are You Gonna Be My Girl,2003,https://www.youtube.com/watch?v=iptmRfE1RBQ
The White Stripes,Seven Nation Army,2003,https://www.youtube.com/watch?v=KcZ73FRFLzY
Tim Toupet,Du hast die Haare schön,2003,https://www.youtube.com/watch?v=DGxmfWFo8oo
Christina Stürmer,Ich lebe,2003,https://www.youtube.com/watch?v=xSeERbtkmHk
Linkin Park,Somewhere I Belong,2003,https://www.youtube.com/watch?v=szvcnQp8QaM
Patrick Nuo,5 Days,2003,https://www.youtube.com/watch?v=DRenWkOzp58
Linkin Park,Faint,2003,https://www.youtube.com/watch?v=-V5HAlxnLaw
No Angels,Someday,2003,https://www.youtube.com/watch?v=sS-YEeDnsJw
Linkin Park,Breaking The Habit,2003,https://www.youtube.com/watch?v=BTKZjfGA4Y4
Evanescence,Going Under,2003,https://www.youtube.com/watch?v=A9wLowpiWWs
Muse,Time Is Running Out,2003,https://www.youtube.com/watch?v=ZrujXrB1_aE
Nickelback,Someday,2003,https://www.youtube.com/watch?v=QPc8zT8Vut4
Three Days Grace,I Hate Everything About You,2003,https://www.youtube.com/watch?v=GrD3dDUKxYY
Jamelia,Superstar,2003,https://www.youtube.com/watch?v=an8D8qLdDmE
Laith Al-Deen,Alles an dir,2003,https://www.youtube.com/watch?v=AbRCBEUkpwQ
Wise Guys,Die Bahn kommt,2003,https://www.youtube.com/watch?v=VCpRpnj2TSM
In Extremo,Küss mich,2003,https://www.youtube.com/watch?v=mBHGlbBhbDM
One Piece,Die Legende,2003,https://www.youtube.com/watch?v=HWABNG7_N3w
Die Ärzte,Nichts in der Welt,2003,https://www.youtube.com/watch?v=NJjqq2o78Vk
Aventura,Obsesión,2002,https://www.youtube.com/watch?v=be-9ZBnhkjY
t.A.T.u.,All The Things She Said,2002,https://www.youtube.com/watch?v=zJBoTO6vZCc
Eminem,Lose Yourself,2002,https://www.youtube.com/watch?v=tR1ECf4sEpw
Outlandish,Aicha,2002,https://www.youtube.com/watch?v=BAGPTKnDXko
Las Ketchup,The Ketchup Song (Aserejé),2002,https://www.youtube.com/watch?v=CiUoRnPcJ3I
Herbert Grönemeyer,Mensch,2002,https://www.youtube.com/watch?v=_HvgCucmeaY
Eminem,Without Me,2002,https://www.youtube.com/watch?v=-8xhmV3JoG4
Ben feat. Gim,Engel,2002,https://www.youtube.com/watch?v=VoZlmEcACCc
B3,I.O.I.O.,2002,https://www.youtube.com/watch?v=i8Q-3XUEK4g
Wonderwall,Just More,2002,https://www.youtube.com/watch?v=LrwOVmJ9K1E
Maroon 5,This Love,2002,https://www.youtube.com/watch?v=On8cmjAdXpk
Sean Paul,Get Busy,2002,https://www.youtube.com/watch?v=48WYrO_kxQQ
Avril Lavigne,Complicated,2002,https://www.youtube.com/watch?v=5eGbnVlRcRg
Nelly feat. Kelly Rowland,Dilemma,2002,https://www.youtube.com/watch?v=_cKNKrIsEzs
Scooter,Nessaja,2002,https://www.youtube.com/watch?v=OGv1ZaUe-wQ
Christina Aguilera feat. Redman,Dirrty,2002,https://www.youtube.com/watch?v=n66mHZ4gdZ8
Atomic Kitten,The Tide Is High (Get The Feeling),2002,https://www.youtube.com/watch?v=ptreP08OMio
DSDS,We Have A Dream,2002,https://www.youtube.com/watch?v=ArXW2QBa5XE
Die Gerd Show,Der Steuersong,2002,https://www.youtube.com/watch?v=mV5r7SwS-YY
Sportfreunde Stiller,Ein Kompliment,2002,https://www.youtube.com/watch?v=WS1TIzrRajE
Wir Sind Helden,Denkmal,2002,https://www.youtube.com/watch?v=aC872j2-PDw
Robbie Williams,Feel,2002,https://www.youtube.com/watch?v=m9JlqyW_GAk
Avril Lavigne,Sk8er Boi,2002,https://www.youtube.com/watch?v=YHymfdlGaVU
Red Hot Chili Peppers,Can't Stop,2002,https://www.youtube.com/watch?v=8a-9Sd35HNI
Maroon 5,She Will Be Loved,2002,https://www.youtube.com/watch?v=u5iJQkIU0xs
Justin Timberlake,Cry Me A River,2002,https://www.youtube.com/watch?v=sSfukAHKb8s
Justin Timberlake,Rock Your Body,2002,https://www.youtube.com/watch?v=u82lgoEA_Ps
Coldplay,The Scientist,2002,https://www.youtube.com/watch?v=QSVfXaFNFho
Good Charlotte,The Anthem,2002,https://www.youtube.com/watch?v=XWWoIdXQdAI
Avril Lavigne,I'm With You,2002,https://www.youtube.com/watch?v=o4PDqRFAIUE
Wir sind Helden,Guten Tag,2002,https://www.youtube.com/watch?v=Ruf032HDDCI
Deichkind,Limit,2002,https://www.youtube.com/watch?v=fhlz0-lCahM
3 Doors Down,Here Without You,2002,https://www.youtube.com/watch?v=27GX0ifCLaw
Jennifer Lopez feat. Jadakiss and Styles,Jenny From The Block,2002,https://www.youtube.com/watch?v=8U0U75HdOP4
Die Toten Hosen,"Steh auf, wenn du am Boden bist",2002,https://www.youtube.com/watch?v=J86zYZGApkc
Coldplay,Clocks (Album Version),2002,https://www.youtube.com/watch?v=3A3hgfstCxE
Vanessa Carlton,A Thousand Miles,2002,https://www.youtube.com/watch?v=KdMBLxqntH0
Blue,One Love,2002,https://www.youtube.com/watch?v=WmaSAtlXHSA
Christina Aguilera,Beautiful,2002,https://www.youtube.com/watch?v=7VmentBXakM
Johnny Cash,Hurt,2002,https://www.youtube.com/watch?v=SnEVnvWUJgM
Red Hot Chili Peppers,By The Way,2002,https://www.youtube.com/watch?v=esQsoAC6gIM
Sugababes,Round Round,2002,https://www.youtube.com/watch?v=MJI2M7peuzc
Bro’Sis,Do You,2002,https://www.youtube.com/watch?v=f4IyrMRcq0E
DJ BoBo,Chihuahua,2002,https://www.youtube.com/watch?v=YfSSzJtOGhA
Sum 41,Still Waiting,2002,https://www.youtube.com/watch?v=Kjwlzs1OJcY
Blue feat. Elton John,Sorry Seems To Be The Hardest Word (Alternate Video),2002,https://www.youtube.com/watch?v=jqFOg-SIYrQ
Die Toten Hosen,Nur zu Besuch,2002,https://www.youtube.com/watch?v=LlY7uBLjesM
Tocotronic,This Boy Is Tocotronic,2002,https://www.youtube.com/watch?v=WizTpTpvA5Y
Otto Waalkes,Wir haben Grund zum Feiern,2002,https://www.youtube.com/watch?v=qwHH23IzLLs
Die Toten Hosen,Kein Alkohol (ist auch keine Lösung)!,2002,https://www.youtube.com/watch?v=HFmzrCAocq8
Herbert Grönemeyer,Der Weg,2002,https://www.youtube.com/watch?v=vhmve4JS1t4
Schandmaul,Walpurgisnacht,2002,https://www.youtube.com/watch?v=nLgM1QJ3S_I
Böhse Onkelz,Keine Amnestie für MTV,2002,https://www.youtube.com/watch?v=mWczgMuqCEU
Nena & Kim Wilde,"Anyplace, Anywhere, Anytime",2002,https://www.youtube.com/watch?v=nhFsBz7kwo8
Herbert Grönemeyer,Demo (Letzter Tag),2002,https://www.youtube.com/watch?v=f3eIWx5I5p4
Detektiv Conan,Nur Fragen in meinem Kopf,2002,https://www.youtube.com/watch?v=lS_4eQwkUAc
Shakira,Whenever Wherever,2001,https://www.youtube.com/watch?v=5v-WAEvA7C4
Tiziano Ferro,Perdono,2001,https://www.youtube.com/watch?v=NATTi6tU1ZA
Shakira,Underneath Your Clothes,2001,https://www.youtube.com/watch?v=npYAW4jNOXQ
No Angels,Daylight In Your Eyes,2001,https://www.youtube.com/watch?v=BsC4QXAERzg
Kylie Minogue,Can't Get You Out Of My Head,2001,https://www.youtube.com/watch?v=WYm69mk5j48
Hermes House Band,Country Roads,2001,https://www.youtube.com/watch?v=Nf_wuqAjhfQ
Buddy vs. DJ The Wave,Ab in den Süden,2001,https://www.youtube.com/watch?v=fYcHMFItQak
Dante Thomas feat. Pras,Miss California,2001,https://www.youtube.com/watch?v=UqFFRzc58lg
Nickelback,How You Remind Me,2001,https://www.youtube.com/watch?v=sUKY3l9Buiw
No Angels,There Must Be An Angel,2001,https://www.youtube.com/watch?v=NyBwdBIqmXg
Afroman,Because I Got High,2001,https://www.youtube.com/watch?v=GfZRgCLE4yw
P!nk,Just Like a Pill,2001,https://www.youtube.com/watch?v=tBTIRlKBDLA
Safri Duo,Played-A-Live,2001,https://www.youtube.com/watch?v=IksRDCMYnn8
Christina Aguilera / P!nk,Lady Marmalade,2001,https://www.youtube.com/watch?v=R_2KBreSXZc
P!nk,Get the Party Started,2001,https://www.youtube.com/watch?v=KRr5mj24RhM
Andrea Berg,Du hast mich tausendmal belogen,2001,https://www.youtube.com/watch?v=wCON7JlxuEI
Rammstein,Mein Herz brennt,2001,https://www.youtube.com/watch?v=FP8XiI_oF0I
Fettes Brot,Schwule Mädchen,2001,https://www.youtube.com/watch?v=5Iz-NAXjxh4
Rammstein,Mutter,2001,https://www.youtube.com/watch?v=MVEm8nksV4g
Sum 41,Fat Lip,2001,https://www.youtube.com/watch?v=2sGmmxUQWig
System Of A Down,Toxicity,2001,https://www.youtube.com/watch?v=gOsILsG8llQ
Destiny's Child,Bootylicious,2001,https://www.youtube.com/watch?v=tHNHTkiSeLQ
Smash Mouth,I'm A Believer,2001,https://www.youtube.com/watch?v=bWqmc8qxEps
Robbie Williams & Nicole Kidman,Somethin' Stupid,2001,https://www.youtube.com/watch?v=rtrXxgtYGUw
Gorillaz,Clint Eastwood,2001,https://www.youtube.com/watch?v=J6jn6d4n4lc
Xavier Naidoo,Wo willst du hin?,2001,https://www.youtube.com/watch?v=abbrDDmSXLE
P!nk,Family Portrait,2001,https://www.youtube.com/watch?v=dTE9GS5RiMQ
The Calling,Wherever You Will Go,2001,https://www.youtube.com/watch?v=KB02ZpmoFto
Rammstein,Ich will,2001,https://www.youtube.com/watch?v=cZUpgzTVbyo
Samy Deluxe,Weck mich auf,2001,https://www.youtube.com/watch?v=PxbJmAcfSNc
Atomic Kitten,Eternal Flame,2001,https://www.youtube.com/watch?v=ToX0NM_sQg8
Tenacious D,Tribute,2001,https://www.youtube.com/watch?v=NajvBC5vil4
Enrique Iglesias,Hero,2001,https://www.youtube.com/watch?v=koJlIGDImiU
Norah Jones,Don’t Know Why,2001,https://www.youtube.com/watch?v=cAhDjrc5s64
Travis,Sing,2001,https://www.youtube.com/watch?v=c65YM29UyX0
Rosenstolz,Es könnt’ ein Anfang sein,2001,https://www.youtube.com/watch?v=nyufzzSrmbg
Sum 41,In Too Deep,2001,https://www.youtube.com/watch?v=TD6V9Vz9yTY
Wise Guys,Jetzt ist Sommer,2001,https://www.youtube.com/watch?v=jQbqzMc11Og
System of a Down,Aerials,2001,https://www.youtube.com/watch?v=N-IvW6J2e80
Jimmy Eat World,The Middle,2001,https://www.youtube.com/watch?v=jFRL0eNR_d0
Michael Andrews feat. Gary Jules,Mad World,2001,https://www.youtube.com/watch?v=HgLle5YASeg
Daft Punk,Harder Better Faster Stronger,2001,https://www.youtube.com/watch?v=yydNF8tuVmU
Rammstein,Feuer frei!,2001,https://www.youtube.com/watch?v=Ey2o4xSn7KE
Alien Ant Farm,Smooth Criminal,2001,https://www.youtube.com/watch?v=0Uj25UwVjWA
Right Said Fred,You’re My Mate,2001,https://www.youtube.com/watch?v=4fdKGal4xwI
Christina Milian,AM To PM,2001,https://www.youtube.com/watch?v=QrC8vi_AVUE
Tenacious D,Fuck Her Gently,2001,https://www.youtube.com/watch?v=_lK4cX5xGiQ
Marilyn Manson,Tainted Love,2001,https://www.youtube.com/watch?v=CPc4cWHiBBs
Dragon Ball Z,Chala Head Chala,2001,https://www.youtube.com/watch?v=pYnLO7MVKno
Die Prinzen,Deutschland,2001,https://www.youtube.com/watch?v=M9EKAjMS5WU
Rammstein,Adios,2001,https://www.youtube.com/watch?v=gpTp-7v53-w
Farin Urlaub,Glücklich,2001,https://www.youtube.com/watch?v=2KQuaNuwv9Y
Joy,"Schnappi, das kleine Krokodil",2001,https://www.youtube.com/watch?v=Oe3FG4EOgyU
Farin Urlaub,Phänomenal egal,2001,https://www.youtube.com/watch?v=m9IfvJahZ1o
Seeed,Dickes B,2001,https://www.youtube.com/watch?v=UHhsLQ338w0
Enya,Only Time,2000,https://www.youtube.com/watch?v=upkYQqbrjSc
Atomic Kitten,Whole Again,2000,https://www.youtube.com/watch?v=y-xxpk34KPk
Wheatus,Teenage Dirtbag,2000,https://www.youtube.com/watch?v=K9EqStdNPT8
Uncle Kracker,Follow Me,2000,https://www.youtube.com/watch?v=-CTuUjP3i0w
Shaggy feat. Rayvon,Angel,2000,https://www.youtube.com/watch?v=C59dJfEFz2w
Rednex,The Spirit Of The Hawk,2000,https://www.youtube.com/watch?v=Yau8nHOXhug
ATC,Around The World (La La La La La),2000,https://www.youtube.com/watch?v=83SQJ2W5phY
Bon Jovi,It's My Life,2000,https://www.youtube.com/watch?v=o9YyEeHSC4U
Zlatko,Ich vermiss' dich... (wie die Hölle),2000,https://www.youtube.com/watch?v=_BLfvl2jGDc
Zlatko & Jürgen,Großer Bruder,2000,https://www.youtube.com/watch?v=cTDOT4wyxuA
Britney Spears,Lucky,2000,https://www.youtube.com/watch?v=IIETqqjlOWo
Alicia Keys,Fallin',2000,https://www.youtube.com/watch?v=abcZMQASXF8
Britney Spears,Oops!... I Did It Again,2000,https://www.youtube.com/watch?v=gmWlNI4Zl2s
Eminem,The Real Slim Shady,2000,https://www.youtube.com/watch?v=rkqMbsmLrtA
Reamonn,Supergirl,2000,https://www.youtube.com/watch?v=WeVykZXY0Rw
Modjo,Lady (Hear Me Tonight),2000,https://www.youtube.com/watch?v=mMfxI3r_LyA
Outkast,Ms. Jackson,2000,https://www.youtube.com/watch?v=-1iF8CJGOZ0
Linkin Park,In The End,2000,https://www.youtube.com/watch?v=d_toKURCt10
*NSYNC,Bye Bye Bye,2000,https://www.youtube.com/watch?v=C27NShgTQE4
Shaggy,It Wasn't Me,2000,https://www.youtube.com/watch?v=U48fb7Nx1A8
Eminem feat. Dido,Stan,2000,https://www.youtube.com/watch?v=S-smUALTlFM
Coldplay,Yellow,2000,https://www.youtube.com/watch?v=q7mlB-adMBc
Brings,Superjeilezick,2000,https://www.youtube.com/watch?v=0mQAw-23kiI
DJ Ötzi,Hey Baby,2000,https://www.youtube.com/watch?v=CfHHv7yOYX0
Papa Roach,Last Resort,2000,https://www.youtube.com/watch?v=ArnRXGHm3KE
Evanescence,My Immortal,2000,https://www.youtube.com/watch?v=rqHKwjk6_Gk
Limp Bizkit,Rollin',2000,https://www.youtube.com/watch?v=Mcv1vdkLmhk
Toploader,Dancing In The Moonlight,2000,https://www.youtube.com/watch?v=Wieb2w2cuEQ
Baha Men,Who Let The Dogs Out,2000,https://www.youtube.com/watch?v=GaOQv34aEls
Söhne Mannheims,Geh davon aus,2000,https://www.youtube.com/watch?v=oIQtiIzQlIs
U2,Beautiful Day,2000,https://www.youtube.com/watch?v=hJ_burYdegk
OutKast,B.O.B.,2000,https://www.youtube.com/watch?v=r0PPpGGtBz8
Destiny's Child,Independent Women Pt. 1,2000,https://www.youtube.com/watch?v=9750AImaQUM
LeAnn Rimes,Can’t Fight The Moonlight,2000,https://www.youtube.com/watch?v=ghdT6gfGUOI
Linkin Park,Crawling,2000,https://www.youtube.com/watch?v=2SvQIJTpMoQ
Laith Al-Deen,Bilder von dir,2000,https://www.youtube.com/watch?v=qyo_1QiYbJQ
All Saints,Black Coffee,2000,https://www.youtube.com/watch?v=NrPg6JUJ16I
Linkin Park,One Step Closer,2000,https://www.youtube.com/watch?v=7-N1yKDCxfw
Disturbed,Down With The Sickness,2000,https://www.youtube.com/watch?v=aEx8XyOvmnM
Daft Punk,One More Time,2000,https://www.youtube.com/watch?v=A2VpR8HahKc
Linkin Park,Pushing Me Away,2000,https://www.youtube.com/watch?v=SieUxT-AXC4
Geier Sturzflug,Pure Lust am Leben,2000,https://www.youtube.com/watch?v=MmzMzAiw6MM
Stefan Raab,Wadde hadde dudde da?,2000,https://www.youtube.com/watch?v=lddoHQIZQto
Die Ärzte,Wie es geht,2000,https://www.youtube.com/watch?v=3CAhJ1HKadw
2raumwohnung,Wir trafen uns in einem Garten,2000,https://www.youtube.com/watch?v=2wkekZpikbY
Die Ärzte,Manchmal haben Frauen …,2000,https://www.youtube.com/watch?v=sazohcW3iHE
Digimon,Wir werden siegen,2000,https://www.youtube.com/watch?v=i5U0RoUkUug
Echt,Junimond,2000,https://www.youtube.com/watch?v=X6VIYLmS6vM
Digimon,Leb deinen Traum,2000,https://www.youtube.com/watch?v=boKwhLYgcW8
Die Ärzte,Ein Sommer nur für mich,2000,https://www.youtube.com/watch?v=fE4oYbgqxHw
Digimon,Wir drehen auf,2000,https://www.youtube.com/watch?v=7O1KWx56RUc
Crazy Town,Butterfly,1999,https://www.youtube.com/watch?v=R88FZTjAqjM
Anton feat. DJ Ötzi,Anton aus Tirol,1999,https://www.youtube.com/watch?v=dvyp9mjH-24
Bomfunk MCs,Freestyler,1999,https://www.youtube.com/watch?v=C6TrrMEMxkA
Santana feat. The Product G&B,Maria Maria,1999,https://www.youtube.com/watch?v=bu-_wLAaRJU
Ayman,Mein Stern,1999,https://www.youtube.com/watch?v=PXSL7r4dtQo
Lou Bega,Mambo No. 5 (A Little Bit Of...),1999,https://www.youtube.com/watch?v=CiaMTs7dI4E
Christina Aguilera,Genie In A Bottle,1999,https://www.youtube.com/watch?v=PDdVs-naJLs
Xavier Naidoo,Sie sieht mich nicht,1999,https://www.youtube.com/watch?v=zIBJ9Kdcy9w
Anastacia,I'm Outta Love,1999,https://www.youtube.com/watch?v=J2HnAn1KeAw
Bloodhound Gang,The Bad Touch,1999,https://www.youtube.com/watch?v=wusG3SvBRis
Stefan Raab,Maschen-Draht-Zaun,1999,https://www.youtube.com/watch?v=uP1GeF5wiHs
Die Fantastischen Vier,MfG,1999,https://www.youtube.com/watch?v=uUV3KvnvT-w
Backstreet Boys,I Want It That Way,1999,https://www.youtube.com/watch?v=qjlVAsvQLM8
Alice Deejay,Better Off Alone,1999,https://www.youtube.com/watch?v=p8Z-NzzAF3U
Oli. P,So bist du,1999,https://www.youtube.com/watch?v=5gVLnu28KG4
Mr. Oizo,Flat Beat,1999,https://www.youtube.com/watch?v=qmsbP13xu6k
Backstreet Boys,Larger Than Life,1999,https://www.youtube.com/watch?v=lreFBmP-VyE
Smash Mouth,All Star,1999,https://www.youtube.com/watch?v=aT5JaB5agSE
Echt,Du trägst keine Liebe in dir,1999,https://www.youtube.com/watch?v=y4Ep9zBNqzM
Jennifer Lopez,Let's Get Loud,1999,https://www.youtube.com/watch?v=8R7Tw1XOmXI
Ricky Martin,Livin' La Vida Loca,1999,https://www.youtube.com/watch?v=jLR4MgGktsQ
Gigi D'Agostino,The Riddle,1999,https://www.youtube.com/watch?v=lA0MBIBTtwo
3 Doors Down,Kryptonite,1999,https://www.youtube.com/watch?v=1rLa12iOJCI
Dr. Dre feat. Snoop Dogg,The Next Episode,1999,https://www.youtube.com/watch?v=icB0lIy7OeY
Mickie Krause,Zehn nackte Friseusen,1999,https://www.youtube.com/watch?v=YGGnS4QQndo
Gigi D'Agostino,Bla Bla Bla,1999,https://www.youtube.com/watch?v=g6t8g6ka4W0
Texas,Summer Son,1999,https://www.youtube.com/watch?v=V1-sBl3laKM
Red Hot Chili Peppers,Otherside,1999,https://www.youtube.com/watch?v=NHH8ENlkMC0
blink-182,What’s My Age Again?,1999,https://www.youtube.com/watch?v=VgorjCQ6zS4
Red Hot Chili Peppers,Scar Tissue,1999,https://www.youtube.com/watch?v=Xq00kBvjWTs
Disney’s Tarzan (Phil Collins),You’ll Be In My Heart,1999,https://www.youtube.com/watch?v=git6DCXSqjE
blink-182,Adam’s Song,1999,https://www.youtube.com/watch?v=2MRdtXWcgIw
Ronan Keating,When You Say Nothing At All,1999,https://www.youtube.com/watch?v=e4hPLEYp-Mg
Backstreet Boys,Show Me The Meaning Of Being Lonely,1999,https://www.youtube.com/watch?v=sA4_O0jXkjo
Slipknot,Wait And Bleed,1999,https://www.youtube.com/watch?v=sCvN9TO-__w
Pokémon (Noel Pix),Theme (Komm schnapp sie dir),1999,https://www.youtube.com/watch?v=s2119-wrJo0
Die Toten Hosen,Bayern,1999,https://www.youtube.com/watch?v=qgc34U3C2vI
Jürgen Drews,Wieder alles im Griff,1999,https://www.youtube.com/watch?v=y8PgHEoUnXI
Echt,Weinst du,1999,https://www.youtube.com/watch?v=sokMgDTeztg
Disney’s Tarzan (Phil Collins),So ein Mann,1999,https://www.youtube.com/watch?v=gXfHw8FRIJQ
Die Toten Hosen,Unsterblich,1999,https://www.youtube.com/watch?v=BWw9hJjvWjE
Die Toten Hosen,Schön sein,1999,https://www.youtube.com/watch?v=KPqIOWBlmws
Eiffel 65,Blue (Da Ba Dee),1998,https://www.youtube.com/watch?v=JhSVQDaUNg4
Britney Spears,...Baby One More Time,1998,https://www.youtube.com/watch?v=hitIxB22QcI
Emilia,Big Big World,1998,https://www.youtube.com/watch?v=AyrxKqkBhvo
Whitney Houston,My Love Is Your Love,1998,https://www.youtube.com/watch?v=FLCSfF6wF24
Wamdue Project,King Of My Castle,1998,https://www.youtube.com/watch?v=oGW1dRNc314
Oli. P,Flugzeuge im Bauch,1998,https://www.youtube.com/watch?v=gTg3TIAmFUk
Die Ärzte,Ein Schwein namens Männer,1998,https://www.youtube.com/watch?v=mYtPAtHtlgo
Falco,Out Of The Dark,1998,https://www.youtube.com/watch?v=EO96nzs4nsI
4 The Cause,Stand By Me,1998,https://www.youtube.com/watch?v=LXbhqEBRX9Q
Loona,Bailando,1998,https://www.youtube.com/watch?v=Mu-ZUF-32So
Sasha,I Feel Lonely,1998,https://www.youtube.com/watch?v=9WBIkyWUN84
Cher,Believe,1998,https://www.youtube.com/watch?v=isOzTi8rUwM
Aerosmith,I Don't Want to Miss a Thing,1998,https://www.youtube.com/watch?v=T-doQhcwDS8
Robbie Williams,Millennium,1998,https://www.youtube.com/watch?v=cIKi8N3WuMs
Sasha,If You Believe,1998,https://www.youtube.com/watch?v=WE8-49VC0YY
Ricky Martin,La Copa de la Vida,1998,https://www.youtube.com/watch?v=0emP6RdAZzE
Witt / Heppner,Die Flut,1998,https://www.youtube.com/watch?v=vIOSucOj2_k
Pras Michel / Mýa,Ghetto Supastar,1998,https://www.youtube.com/watch?v=4kuQebbfy-g
The Offspring,Pretty Fly (For A White Guy),1998,https://www.youtube.com/watch?v=QtTR-_Klcq8
Böhse Onkelz,Terpentin,1998,https://www.youtube.com/watch?v=Lq6-e8X_c_k
Die Kolibris,Die Hände zum Himmel,1998,https://www.youtube.com/watch?v=ZDG00xyq6nQ
The Offspring,The Kids Aren't Alright,1998,https://www.youtube.com/watch?v=7iNbnineUCI
Vengaboys,We Like To Party! (The Vengabus),1998,https://www.youtube.com/watch?v=VaGOFlw-E4M
Vengaboys,We're Going to Ibiza!,1998,https://www.youtube.com/watch?v=VXopUMdpDTE
Scooter,How Much Is The Fish?,1998,https://www.youtube.com/watch?v=2A4DEaRJNtw
Höhner,Die Karawane zieht weiter...,1998,https://www.youtube.com/watch?v=3ZrVVtJRoJk
Beginner,Liebes Lied,1998,https://www.youtube.com/watch?v=HR9nmQFN1oY
Dido,Thank You,1998,https://www.youtube.com/watch?v=X_OoBKccXWM
Goo Goo Dolls,Iris (Album Version),1998,https://www.youtube.com/watch?v=zDOILKOOUCo
Hole,Celebrity Skin,1998,https://www.youtube.com/watch?v=yRxmQxa8uKw
Jamiroquai,Deeper Underground,1998,https://www.youtube.com/watch?v=Dzt_MUi0PeY
"Baddiel, Skinner & Lightning Seeds",Three Lions ’98,1998,https://www.youtube.com/watch?v=V1FKaDZBwqg
Metallica,Whiskey In The Jar,1998,https://www.youtube.com/watch?v=wsrvmNtWU4E
Placebo,Every You Every Me,1998,https://www.youtube.com/watch?v=4YR_Mft7yIM
Lenny Kravitz,Fly Away,1998,https://www.youtube.com/watch?v=BQZzwnQ5PBk
Madonna,Frozen,1998,https://www.youtube.com/watch?v=koyAnqvxJyo
The Offspring,Why Don’t You Get A Job?,1998,https://www.youtube.com/watch?v=WKfOmGraHuQ
Die Ärzte,Rebell,1998,https://www.youtube.com/watch?v=6he68dEmZWo
Absolute Beginner,Hammerhart,1998,https://www.youtube.com/watch?v=6Yyu8cIdQug
Guildo Horn,Guildo hat euch lieb!,1998,https://www.youtube.com/watch?v=HPZX7EZIFD0
Disney’s Mulan,Sei ein Mann,1998,https://www.youtube.com/watch?v=F-2JXmL2ZMk
Rammstein,Du riechst so gut ’98,1998,https://www.youtube.com/watch?v=POarcrt7Ngc
Die Ärzte,½ Lovesong,1998,https://www.youtube.com/watch?v=Jn0uhQejmfc
Die Ärzte,Der Graf,1998,https://www.youtube.com/watch?v=V5XczmKH1A8
Disney’s Mulan,Spiegelbild,1998,https://www.youtube.com/watch?v=A-l9tVxV9kU
Falco,Egoist (Remix Version),1998,https://www.youtube.com/watch?v=1OAFVvgp0UM
Tanz der Vampire (Vereinigte Bühnen Wien),Totale Finsternis,1998,https://www.youtube.com/watch?v=oQ2uAxI14AM
Die Ärzte,Meine Freunde,1998,https://www.youtube.com/watch?v=EPfV9t8k8oU
Böhse Onkelz,"Bin ich nur glücklich, wenn es schmerzt?",1998,https://www.youtube.com/watch?v=jW3PmNPSni4
Die Ärzte,Saufen,1998,https://www.youtube.com/watch?v=f8I-BrreI_c
Die Ärzte,Männer sind Schweine,1998,https://www.youtube.com/watch?v=mYtPAtHtlgo
Céline Dion,My Heart Will Go On,1997,https://www.youtube.com/watch?v=mNsm2P0l_7Y
Céline Dion with the Bee Gees,Immortality,1997,https://www.youtube.com/watch?v=Ob9SZik7LNY
Puff Daddy & Faith Evans feat. 112,I'll Be Missing You,1997,https://www.youtube.com/watch?v=yVX52rZipbo
Will Smith,Men In Black,1997,https://www.youtube.com/watch?v=juhQ-UM0O6M
Nana,Lonely,1997,https://www.youtube.com/watch?v=dZvU2UfJFlA
Aqua,Barbie Girl,1997,https://www.youtube.com/watch?v=ZyhrYis509A
Bellini,Samba de Janeiro,1997,https://www.youtube.com/watch?v=HAiHEQblKeQ
Backstreet Boys,Everybody (Backstreet's Back),1997,https://www.youtube.com/watch?v=e-syzbglE6g
Sash! feat. Rodriguez,Ecuador,1997,https://www.youtube.com/watch?v=9cQlVww0zKo
Sabrina Setlur,Du liebst mich nicht,1997,https://www.youtube.com/watch?v=gREgX5h2qt4
Hanson,MMMBop,1997,https://www.youtube.com/watch?v=KPHwujBGchE
Natalie Imbruglia,Torn,1997,https://www.youtube.com/watch?v=UOJkzcJigGI
Rammstein,Du hast,1997,https://www.youtube.com/watch?v=yp8FCEN99iM
Run-D.M.C. vs. Jason Nevins,It's Like That,1997,https://www.youtube.com/watch?v=TLGWQfK-6DY
Tic Tac Toe,Warum?,1997,https://www.youtube.com/watch?v=S2lWV74yZ5o
Members Of Mayday,Sonic Empire,1997,https://www.youtube.com/watch?v=uCeqmPgRmUs
Spice Girls,Stop,1997,https://www.youtube.com/watch?v=jlh9JKRGQaQ
Backstreet Boys,As Long As You Love Me,1997,https://www.youtube.com/watch?v=nrpe7rCtXFM
Disney's Hercules,Ich werd's noch beweisen,1997,https://www.youtube.com/watch?v=FtCAKIaGa-c
Spice Girls,Spice Up Your Life,1997,https://www.youtube.com/watch?v=JZN9N-WFLKI
*NSYNC,Tearin' Up My Heart,1997,https://www.youtube.com/watch?v=3Dm4-oHQ5Cc
Disney's Hercules,In Sekunden auf Hundert,1997,https://www.youtube.com/watch?v=b7dmhqqpy54
Robbie Williams,Let Me Entertain You,1997,https://www.youtube.com/watch?v=PtknoBKJFDc
Guano Apes,Open Your Eyes,1997,https://www.youtube.com/watch?v=Yry2X-oObds
Foo Fighters,Everlong,1997,https://www.youtube.com/watch?v=f2hnIqihrjk
Blur,Song 2,1997,https://www.youtube.com/watch?v=Pu6Mid2a428
Shania Twain,That Don't Impress Me Much,1997,https://www.youtube.com/watch?v=BU-TeNPNJEQ
Aqua,Doctor Jones,1997,https://www.youtube.com/watch?v=-1jPUB7gRyg
Chumbawamba,Tubthumping,1997,https://www.youtube.com/watch?v=oRQMxBW0cOo
Green Day,Time Of Your Life (Good Riddance),1997,https://www.youtube.com/watch?v=fhrK0i-2Nes
The Verve,Bitter Sweet Symphony,1997,https://www.youtube.com/watch?v=1lyu1KKwC74
Sixpence None The Richer,Kiss Me,1997,https://www.youtube.com/watch?v=-CQ4yr9o0qM
Savage Garden,Truly Madly Deeply,1997,https://www.youtube.com/watch?v=jBVifG4_Ruk
Liquido,Narcotic,1997,https://www.youtube.com/watch?v=X2Md9upR2K0
Eagle-Eye Cherry,Save Tonight,1997,https://www.youtube.com/watch?v=mg-219buqe4
Wolfgang Petry,Weiß’ der Geier,1997,https://www.youtube.com/watch?v=gQlkbGh1WwA
Wolfgang Petry,Augen zu und durch,1997,https://www.youtube.com/watch?v=-hFtv8XuHo8
Disney’s Hercules,Ich will keinen Mann,1997,https://www.youtube.com/watch?v=RindW24hNQ4
Rammstein,Bück dich,1997,https://www.youtube.com/watch?v=zjpN3GLEU0A
Wes,Alane,1996,https://www.youtube.com/watch?v=EbvCbrRmQ9I
Fugees,Killing Me Softly (With His Song),1996,https://www.youtube.com/watch?v=l5Y7fyeORRE
The Kelly Family,"I Can't Help Myself (I Love You, I Want You)",1996,https://www.youtube.com/watch?v=91GuU8KE7b0
Mr. President,Coco Jamboo,1996,https://www.youtube.com/watch?v=yx5djqAnqeY
Spice Girls,Wannabe,1996,https://www.youtube.com/watch?v=Rj8k5oync78
Backstreet Boys,Quit Playing Games (With My Heart),1996,https://www.youtube.com/watch?v=LZQQHc0UjDQ
Die Toten Hosen,Zehn kleine Jägermeister,1996,https://www.youtube.com/watch?v=yiZ_L3vhbDU
Toni Braxton,Un-Break My Heart,1996,https://www.youtube.com/watch?v=e3dGBR0Khjw
Doctor & the Medics,Spirit in the Sky,1996,https://www.youtube.com/watch?v=VrUoDdS8lBc
No Mercy,Where Do You Go,1996,https://www.youtube.com/watch?v=NcdK81P1aSM
Tic Tac Toe,Verpiss' dich,1996,https://www.youtube.com/watch?v=a446aJGRO9A
The Prodigy,Breathe,1996,https://www.youtube.com/watch?v=6_PAHbqq-o4
Chilli feat. Carrapicho,Tic Tic Tac,1996,https://www.youtube.com/watch?v=EkT5wdZWR0I
Die Toten Hosen,Bonnie & Clyde,1996,https://www.youtube.com/watch?v=j2qcoJsjrR8
Böhse Onkelz,Auf gute Freunde,1996,https://www.youtube.com/watch?v=9XgwIJo-yuA
Blümchen,Boomerang,1996,https://www.youtube.com/watch?v=-tNFl5R07OU
Blümchen,Kleiner Satellit,1996,https://www.youtube.com/watch?v=LbacsZ7tpmU
Bloodhound Gang,Fire Water Burn,1996,https://www.youtube.com/watch?v=6xJW7foStBY
Celine Dion,It's All Coming Back To Me Now,1996,https://www.youtube.com/watch?v=4wbIMyfcXtc
Die Ärzte,3-Tage-Bart,1996,https://www.youtube.com/watch?v=PWpBSOlTT9Q
Wolfgang Petry,"Bronze, Silber und Gold (ZDF Hitparade 1996)",1996,https://www.youtube.com/watch?v=DjKoDapaFMU
Böhse Onkelz,Kirche,1996,https://www.youtube.com/watch?v=1NNpMn079oA
Die Toten Hosen,Paradies,1996,https://www.youtube.com/watch?v=Gq2BUsuELsA
Tic Tac Toe,Verpiss dich,1996,https://www.youtube.com/watch?v=a446aJGRO9A
Sarah Brightman & Andrea Bocelli,Time To Say Goodbye (Con te partirò),1995,https://www.youtube.com/watch?v=pIZtv2UmffA
No Doubt,Don't Speak,1995,https://www.youtube.com/watch?v=ecgXVeJaYwE
Faithless,Insomnia,1995,https://www.youtube.com/watch?v=mCgr98fm85E
Fool's Garden,Lemon Tree,1995,https://www.youtube.com/watch?v=wVOM71RXl24
Michael Jackson,They Don't Care About Us,1995,https://www.youtube.com/watch?v=VM5dsc38iRE
Coolio feat. L.V.,Gangsta's Paradise,1995,https://www.youtube.com/watch?v=V79D8__4W9g
Rednex,Wish You Were Here,1995,https://www.youtube.com/watch?v=ErBdnBa7ShE
Bryan Adams,Have You Ever Really Loved A Woman?,1995,https://www.youtube.com/watch?v=ftFhSVuWuiM
Take That,Back For Good,1995,https://www.youtube.com/watch?v=PfBiHreepic
La Bouche,Be My Lover,1995,https://www.youtube.com/watch?v=2R3_J3_suWI
Die Fantastischen Vier,Sie ist weg,1995,https://www.youtube.com/watch?v=6YDfW_6hE74
Shaggy,Boombastic,1995,https://www.youtube.com/watch?v=YZrqS4w0srk
Michael Jackson,Earth Song,1995,https://www.youtube.com/watch?v=OstvvP8QuxQ
Sin With Sebastian,Shut Up (and Sleep with Me),1995,https://www.youtube.com/watch?v=KTfXUXqtkQw
Michael Jackson,You Are Not Alone,1995,https://www.youtube.com/watch?v=qo8Dx9JRpqY
Robert Miles,Children,1995,https://www.youtube.com/watch?v=rZGPAdH2WnA
Gompie,"Alice, Who The X Is Alice?",1995,https://www.youtube.com/watch?v=SHoCN_N2dKE
Pocahontas,Farbenspiel des Winds,1995,https://www.youtube.com/watch?v=84IXSMGqDoE
Oasis,Wonderwall,1995,https://www.youtube.com/watch?v=NbSzTi0d6pQ
Tic Tac Toe,Ich find dich scheiße,1995,https://www.youtube.com/watch?v=P7HyGa2YFg4
Fettes Brot,Nordisch by Nature,1995,https://www.youtube.com/watch?v=B3AycieyJeM
Alanis Morissette,Ironic,1995,https://www.youtube.com/watch?v=sWeyig97Gy8
No Doubt,Just A Girl,1995,https://www.youtube.com/watch?v=xnpBWO3zge0
Blümchen,Herz an Herz,1995,https://www.youtube.com/watch?v=2JCelVI6U68
Mariah Carey,Fantasy,1995,https://www.youtube.com/watch?v=YH3oDeKXeSY
Captain Jack,Captain Jack,1995,https://www.youtube.com/watch?v=tBIQSB8jJEA
Pulp,Disco 2000,1995,https://www.youtube.com/watch?v=iYfhhHpqUow
Peter Andre feat. Bubbler Ranx,Mysterious Girl,1995,https://www.youtube.com/watch?v=iqIq4B1rgl4
Deep Blue Something,Breakfast At Tiffany’s,1995,https://www.youtube.com/watch?v=QSgJ5On8Zso
Disney’s Pocahontas,Colors Of The Wind,1995,https://www.youtube.com/watch?v=nn2LTCs8KII
Herbert Grönemeyer,Bochum,1995,https://www.youtube.com/watch?v=fZXAp7Dd_JA
Andrea Berg,Die Gefühle haben Schweigepflicht (Album Version),1995,https://www.youtube.com/watch?v=pJBeIviz8GE
T»MA a.k.a. Falco,"Mutter, der Mann mit dem Koks ist da",1995,https://www.youtube.com/watch?v=0m7bHdcq87o
Rammstein,Seemann,1995,https://www.youtube.com/watch?v=_jnq6n-sU0U
Die Ärzte,Hurra,1995,https://www.youtube.com/watch?v=Jux0MAtYxjA
Pur,Ein graues Haar,1995,https://www.youtube.com/watch?v=SrO72BEI-lE
Die Ärzte,Ein Song namens Schunder,1995,https://www.youtube.com/watch?v=x6JB-KWEDjg
Die Prinzen,Du musst ein Schwein sein,1995,https://www.youtube.com/watch?v=BWwhz4hPkSk
Dolls United feat. Jim Knopf & Lukas der Lokomotivführer,Eine Insel mit zwei Bergen,1995,https://www.youtube.com/watch?v=Pa499B8YuPw
Sailor Moon,Sag das Zauberwort,1995,https://www.youtube.com/watch?v=UVNvm1OH0T0
Rammstein,Asche zu Asche,1995,https://www.youtube.com/watch?v=CA8F3yuc67A
The Cranberries,Zombie,1994,https://www.youtube.com/watch?v=BxrLVldZtmg
Scatman John,Scatman (Ski-Ba-Bop-Ba-Dop-Bop),1994,https://www.youtube.com/watch?v=pMg5v17bOMU
Mark 'Oh,Tears Don't Lie,1994,https://www.youtube.com/watch?v=EJ1zU9uF0No
All-4-One,I Swear,1994,https://www.youtube.com/watch?v=5As3A2GhqoE
Rednex,Cotton Eye Joe,1994,https://www.youtube.com/watch?v=5Z0SSOwIIbA
Marusha,Over The Rainbow,1994,https://www.youtube.com/watch?v=9HmFg0WYx34
Youssou N'Dour & Neneh Cherry,7 Seconds,1994,https://www.youtube.com/watch?v=vbWtcQ01vmc
Scooter,Hyper Hyper,1994,https://www.youtube.com/watch?v=aoXOdAUD7IM
Mo-Do,"Eins, Zwei, Polizei",1994,https://www.youtube.com/watch?v=dSy2DcATYUo
Prince Ital Joe feat. Marky Mark,United,1994,https://www.youtube.com/watch?v=smuiKhzZhxo
Bon Jovi,Always,1994,https://www.youtube.com/watch?v=EwWMUUe_9PI
Der König der Löwen,Hakuna Matata,1994,https://www.youtube.com/watch?v=L7lfqt5moYk
Green Day,Basket Case,1994,https://www.youtube.com/watch?v=_lof1pYtL9Q
The Offspring,Self Esteem,1994,https://www.youtube.com/watch?v=Abrn8aVQ76Q
Disney's Der König der Löwen,Der Ewige Kreis,1994,https://www.youtube.com/watch?v=eOgMTcLgm38
Disney's Der König der Löwen,Kann es wirklich Liebe sein,1994,https://www.youtube.com/watch?v=TOkUqEidDTQ
TLC,Waterfalls,1994,https://www.youtube.com/watch?v=m2ul1KO5hAY
TLC,Creep,1994,https://www.youtube.com/watch?v=LVz0jSO3DI0
Marius Müller-Westernhagen,Willenlos,1994,https://www.youtube.com/watch?v=7iKtQIA-G_E
Joe Cocker,Summer In The City,1994,https://www.youtube.com/watch?v=gxKJ3vrAvh8
Mariah Carey,All I Want For Christmas Is You,1994,https://www.youtube.com/watch?v=bXlk2q_kt3I
Disney’s The Lion King (Elton John),Can You Feel The Love Tonight,1994,https://www.youtube.com/watch?v=Ja5aE7rl2p8
Seal,Kiss From A Rose (Album Version),1994,https://www.youtube.com/watch?v=3-Yh6rnOchs
Soundgarden,Black Hole Sun,1994,https://www.youtube.com/watch?v=eVjK9pDHRF0
Jeff Buckley,Hallelujah,1994,https://www.youtube.com/watch?v=WIF4_Sm-rgQ
Green Day,When I Come Around,1994,https://www.youtube.com/watch?v=EoJHfHAEPSw
K2,Der Berg ruft,1994,https://www.youtube.com/watch?v=1jqPusYXJ7s
Disney’s Der König der Löwen,Ich will jetzt gleich König sein,1994,https://www.youtube.com/watch?v=mUfCD31Xwrk
Dieter Thomas Kuhn & Band,Über den Wolken,1994,https://www.youtube.com/watch?v=XXOnAd5vQ5E
Israel IZ Kamakawiwo'ole,Over The Rainbow,1993,https://www.youtube.com/watch?v=1TLANYvPGPE
Mariah Carey,Without You,1993,https://www.youtube.com/watch?v=4iusJui-BxM
Bruce Springsteen,Streets Of Philadelphia,1993,https://www.youtube.com/watch?v=gf9sco0ObvE
Magic Affair,Omen III,1993,https://www.youtube.com/watch?v=Snze9pFqP0U
Wet Wet Wet,Love Is All Around,1993,https://www.youtube.com/watch?v=1HFUz1CXGkU
East 17,It's Alright,1993,https://www.youtube.com/watch?v=TrVX0X7W2bM
"Bryan Adams, Rod Stewart, Sting",All For Love,1993,https://www.youtube.com/watch?v=ofA3URC1wyk
DJ BoBo,Everybody,1993,https://www.youtube.com/watch?v=ckBvJwPtgtE
Haddaway,What Is Love,1993,https://www.youtube.com/watch?v=HEXWRTEbj1I
Culture Beat,Mr. Vain,1993,https://www.youtube.com/watch?v=ZMtf_ouMTHw
UB40,(I Can't Help) Falling In Love With You,1993,https://www.youtube.com/watch?v=joh15JIKpI8
Freddie Mercury,Living On My Own [1993],1993,https://www.youtube.com/watch?v=22QCGBE6oLo
Pet Shop Boys,Go West,1993,https://www.youtube.com/watch?v=KbI-PCrmHoM
Meat Loaf,I'd Do Anything for Love (But I Won't Do That),1993,https://www.youtube.com/watch?v=-qleBCzkxic
Die Prinzen,Alles nur geklaut,1993,https://www.youtube.com/watch?v=EqOjknEg18Q
Haddaway,Life,1993,https://www.youtube.com/watch?v=3KcItSTwNuc
Lucilectric,Mädchen,1993,https://www.youtube.com/watch?v=AFIzmOtTusg
Los del Rio,Macarena,1993,https://www.youtube.com/watch?v=2zvd1JQ0EKY
Ace of Base,The Sign,1993,https://www.youtube.com/watch?v=WofFFHHushY
Die Toten Hosen,Alles aus Liebe,1993,https://www.youtube.com/watch?v=z752hzudXiY
Die Ärzte,Mach die Augen zu,1993,https://www.youtube.com/watch?v=Kl_6aErnU60
Die Toten Hosen,Wünsch DIR was,1993,https://www.youtube.com/watch?v=SUk6iRZbZe0
Wolfgang Petry,Ruhrgebiet,1993,https://www.youtube.com/watch?v=dDAobagtmBc
Corona,The Rhythm of the Night,1993,https://www.youtube.com/watch?v=SATyGIYqExk
Reel 2 Real,I Like To Move It,1993,https://www.youtube.com/watch?v=wKYmz7KVbkE
Whigfield,Saturday Night,1993,https://www.youtube.com/watch?v=QACCIoa88nA
Aerosmith,Cryin',1993,https://www.youtube.com/watch?v=wXM3xlJ9_9k
Mariah Carey,Hero,1993,https://www.youtube.com/watch?v=fDb0tKHcZhg
Die Räuber,Denn wenn et Trömmelche jeit,1993,https://www.youtube.com/watch?v=GJpTDLVx6aQ
Keimzeit,Kling Klang,1993,https://www.youtube.com/watch?v=RAsBw1Jo4Ss
Mila Superstar,Theme,1993,https://www.youtube.com/watch?v=VgnY0wlt9TA
Helge Schneider & Hardcore,Katzeklo,1993,https://www.youtube.com/watch?v=AainIbNwIcY
Ace Of Base,All That She Wants,1992,https://www.youtube.com/watch?v=7VBI2wcKxGU
4 Non Blondes,What's Up?,1992,https://www.youtube.com/watch?v=XDb_K4KF2qw
2 Unlimited,No Limit,1992,https://www.youtube.com/watch?v=EJjYidUaHxQ
Snow,Informer,1992,https://www.youtube.com/watch?v=bFlr2ICue0M
Whitney Houston,I Will Always Love You,1992,https://www.youtube.com/watch?v=T9Ybsvw_0p4
Dr. Alban,Sing Hallelujah!,1992,https://www.youtube.com/watch?v=mcP1Hq9TkUg
Dr. Alban,It's My Life,1992,https://www.youtube.com/watch?v=PvErUgBtUyA
Inner Circle,Sweat (A La La La La Long),1992,https://www.youtube.com/watch?v=H4UrFXXuXGY
Double You,Please Don't Go,1992,https://www.youtube.com/watch?v=ujwm8YrEgI4
Right Said Fred,Don't Talk Just Kiss,1992,https://www.youtube.com/watch?v=SbwePq8jm3A
Connie Francis,Jive Connie,1992,https://www.youtube.com/watch?v=NY9X9KX7698
Soul Asylum,Runaway Train,1992,https://www.youtube.com/watch?v=OzzKBxlIiEQ
Paul McCartney,Hope of Deliverance,1992,https://www.youtube.com/watch?v=BPJIQhjzR7g
Die Fantastischen Vier,Die da!?!,1992,https://www.youtube.com/watch?v=FkOIlnIMHyc
Roxette,How Do You Do!,1992,https://www.youtube.com/watch?v=imW5F1OO9N4
Captain Hollywood Project,More and More,1992,https://www.youtube.com/watch?v=V-rS174AUT0
Charles & Eddie,Would I Lie to You?,1992,https://www.youtube.com/watch?v=9_qij2b9-Jg
Vangelis,Conquest Of Paradise,1992,https://www.youtube.com/watch?v=zc4NKFeVHio
Erasure,ABBA-esque,1992,https://www.youtube.com/watch?v=pn_59fAbCZw
Rage Against The Machine,Killing In The Name,1992,https://www.youtube.com/watch?v=dxk3c_SbWMg
Whitney Houston,I Have Nothing,1992,https://www.youtube.com/watch?v=MG7c5GjJ7i8
Radiohead,Creep,1992,https://www.youtube.com/watch?v=SLbSsv_2u4A
R.E.M.,Everybody Hurts,1992,https://www.youtube.com/watch?v=wXT7X_bf9lU
Bon Jovi,Bed Of Roses,1992,https://www.youtube.com/watch?v=RdkWFaZc3JY
Aerosmith,Crazy,1992,https://www.youtube.com/watch?v=s65-ac4rK-A
Faith No More,Easy,1992,https://www.youtube.com/watch?v=4mZ6JcKQgVk
The Cure,Friday I’m In Love,1992,https://www.youtube.com/watch?v=X2FbOVWPp9g
Rabaue,Was kann ich denn dafür… (dass ich schön bin),1992,https://www.youtube.com/watch?v=5jICXMrZwv4
Höhner,Echte Fründe,1992,https://www.youtube.com/watch?v=pu4RuPIiPPI
Sailor Moon,Sailor Moon Theme,1992,https://www.youtube.com/watch?v=5g-8Eav6UdA
Snap!,Rhythm Is A Dancer,1991,https://www.youtube.com/watch?v=_TRrHFUFZNU
U 96,Das Boot,1991,https://www.youtube.com/watch?v=YVxXbTk-zsQ
Mr. Big,To Be With You,1991,https://www.youtube.com/watch?v=76CeedRQHWg
Bryan Adams,(Everything I Do) I Do It For You,1991,https://www.youtube.com/watch?v=Y0pdQU87dc8
Roxette,Joyride,1991,https://www.youtube.com/watch?v=rQJRUoUrbm8
Zucchero & Paul Young,Senza una donna (Without A Woman),1991,https://www.youtube.com/watch?v=XCd93h76blA
Michael Jackson,Heal the World,1991,https://www.youtube.com/watch?v=02CcUCPkw-s
U2,One,1991,https://www.youtube.com/watch?v=XRmpvPtcTAQ
Nirvana,Smells Like Teen Spirit,1991,https://www.youtube.com/watch?v=69Wqhhun5_o
Michael Jackson,Black or White,1991,https://www.youtube.com/watch?v=OD93J3ZL2QE
Army of Lovers,Crucified,1991,https://www.youtube.com/watch?v=cKlBnjlpLIM
Roxette,Fading Like a Flower (Every Time You Leave),1991,https://www.youtube.com/watch?v=nug4fi_L4JY
Kate Yanai,Bacardi Feeling,1991,https://www.youtube.com/watch?v=IW33mS1Ptf4
Diether Krebs,Ich bin der Martin ne...?!,1991,https://www.youtube.com/watch?v=91RxSeF7htc
Salt-N-Pepa,Let's Talk About Sex,1991,https://www.youtube.com/watch?v=mPpeC_GW0cg
Crystal Waters,Gypsy Woman,1991,https://www.youtube.com/watch?v=0ml4kF4YBDk
Nirvana,Come As You Are,1991,https://www.youtube.com/watch?v=9I9c20LHmzY
R.E.M.,Losing My Religion,1991,https://www.youtube.com/watch?v=OKvCV8MFIaw
Pur,Funkelperlenaugen,1991,https://www.youtube.com/watch?v=k6NISWLE5PM
Wolfgang Petry,"Verlieben, verloren, vergessen, verzeih'n",1991,https://www.youtube.com/watch?v=Mlt2xg_j5AY
Guns N' Roses,November Rain,1991,https://www.youtube.com/watch?v=Gd6CtzYpDBs
Metallica,Nothing Else Matters,1991,https://www.youtube.com/watch?v=Fkj6-LN6WKI
Metallica,Enter Sandman,1991,https://www.youtube.com/watch?v=CD-E-LDc384
Nirvana,Lithium,1991,https://www.youtube.com/watch?v=pkcJEvMcnEg
Queen,The Show Must Go On,1991,https://www.youtube.com/watch?v=CQAT5qdG8tI
Extreme,More Than Words,1991,https://www.youtube.com/watch?v=aXf7Iw_hB14
Marc Cohn,Walking In Memphis,1991,https://www.youtube.com/watch?v=YFEB9xLeLmY
Queen,These Are The Days Of Our Lives,1991,https://www.youtube.com/watch?v=LukqdKFfXl4
Metallica,The Unforgiven,1991,https://www.youtube.com/watch?v=mTwjUE60HG4
DJ Jazzy Jeff & The Fresh Prince,Summertime,1991,https://www.youtube.com/watch?v=bBs60R9qahI
Böhse Onkelz,Wir ham' noch lange nicht genug,1991,https://www.youtube.com/watch?v=QiMwV5gYIp0
Die Prinzen,Millionär,1991,https://www.youtube.com/watch?v=CprtrxOin2g
Disney’s Chip & Chap,Intro,1991,https://www.youtube.com/watch?v=xgDSWhOVtz0
Disney’s Darkwing Duck,Theme,1991,https://www.youtube.com/watch?v=dMAVtSrkIhI
Böhse Onkelz,Nur die Besten sterben jung,1991,https://www.youtube.com/watch?v=PM-m5DE7FA0
Achim Reichel,Aloha heja he,1991,https://www.youtube.com/watch?v=2Z6xtLcyNm0
Udo Lindenberg,Ein Herz kann man nicht repariern,1991,https://www.youtube.com/watch?v=DgPzXnp_2qY
Pur,Lena,1991,https://www.youtube.com/watch?v=VjvjF1gsoHE
Die Prinzen,Mein Fahrrad,1991,https://www.youtube.com/watch?v=Dg5y6Q2crXw
Guns N' Roses,Knockin' On Heaven's Door,1990,https://www.youtube.com/watch?v=UcCNj3q79Ic
Scorpions,Wind Of Change,1990,https://www.youtube.com/watch?v=mZ2BueFde9A
Enigma,Sadeness Part I,1990,https://www.youtube.com/watch?v=4F9DxYhqmKw
Torfrock,Beinhart,1990,https://www.youtube.com/watch?v=Pmi0XqTlEY8
Vanilla Ice,Ice Ice Baby,1990,https://www.youtube.com/watch?v=RQMXMFiWu5I
Cher,The Shoop Shoop Song (It's In His Kiss),1990,https://www.youtube.com/watch?v=4KLS9sRgSHg
Matthias Reim,Verdammt - ich lieb' dich,1990,https://www.youtube.com/watch?v=kHo32hv5LSc
Snap!,The Power,1990,https://www.youtube.com/watch?v=sf6qaLARQck
DNA feat. Suzanne Vega,Tom's Diner,1990,https://www.youtube.com/watch?v=91ME0nL8Ugo
Nick Kamen,I Promised Myself,1990,https://www.youtube.com/watch?v=4p9q6rUMf_Q
Depeche Mode,Enjoy The Silence,1990,https://www.youtube.com/watch?v=p-JCOpNuoIw
Londonbeat,I've Been Thinking About You,1990,https://www.youtube.com/watch?v=REcZmc5YX28
MC Hammer,U Can't Touch This,1990,https://www.youtube.com/watch?v=d5_0tEtZ70c
Madonna,Vogue,1990,https://www.youtube.com/watch?v=zI23VqAR3RQ
Adamski,Killer,1990,https://www.youtube.com/watch?v=LtYujyhvIyQ
Snap!,Ooops Up,1990,https://www.youtube.com/watch?v=NKZrvNgI-nA
Charles D. Lewis,Soca Dance,1990,https://www.youtube.com/watch?v=gp0GpW9VC3c
C+C Music Factory,Gonna Make You Sweat,1990,https://www.youtube.com/watch?v=3qtP6h-KwQg
AC/DC,Thunderstruck,1990,https://www.youtube.com/watch?v=v2AC41dglnM
George Michael,Freedom! '90,1990,https://www.youtube.com/watch?v=40eqoQHJU_E
Roxette,It Must Have Been Love,1990,https://www.youtube.com/watch?v=wp-qNBryyzQ
Chesney Hawkes,The One And Only,1990,https://www.youtube.com/watch?v=u2qD7z4Kepw
Queen,Innuendo,1990,https://www.youtube.com/watch?v=SOexfj0CULc
Erste Allgemeine Verunsicherung,Ding Dong,1990,https://www.youtube.com/watch?v=zyilSPsYdW8
Disney’s Käpt’n Balu und seine tollkühne Crew,Intro,1990,https://www.youtube.com/watch?v=QaPIXIETpHE
Böhse Onkelz,Nichts ist für die Ewigkeit,1990,https://www.youtube.com/watch?v=LTC5rtclZ-o
Die Toten Hosen,All die ganzen Jahre,1990,https://www.youtube.com/watch?v=pj4CSqxJScU
Sinéad O'Connor,Nothing Compares 2 U,1989,https://www.youtube.com/watch?v=Mygw8tLodPI
Phil Collins,Another Day In Paradise,1989,https://www.youtube.com/watch?v=531e-6fz9N4
UB40,Kingston Town,1989,https://www.youtube.com/watch?v=0rJA9lnGcP4
Mysterious Art,Das Omen (Teil 1),1989,https://www.youtube.com/watch?v=r4F3g2XtkKI
Kaoma,Lambada,1989,https://www.youtube.com/watch?v=Zajz3ZrBwv4
Madonna,Like A Prayer,1989,https://www.youtube.com/watch?v=JaB-JUaeVpA
Jive Bunny And The Mastermixers,Swing The Mood,1989,https://www.youtube.com/watch?v=1w88-T0p-I8
Technotronic,Pump Up the Jam,1989,https://www.youtube.com/watch?v=wE3ymK6MCvc
Depeche Mode,Personal Jesus,1989,https://www.youtube.com/watch?v=u1xrNaTO1bI
Tina Turner,The Best,1989,https://www.youtube.com/watch?v=TAIBL5fRh4c
Guru Josh,Infinity,1989,https://www.youtube.com/watch?v=ATmPgffGK-8
Wildecker Herzbuben,Herzilein,1989,https://www.youtube.com/watch?v=1-s6pPNRZ1U
Alannah Myles,Black Velvet,1989,https://www.youtube.com/watch?v=3QrSdSr0Q7g
"Disney's Arielle, die Meerjungfrau",Unter dem Meer,1989,https://www.youtube.com/watch?v=IkLpSgnEqw4
Disney's Arielle,Ein Mensch zu sein,1989,https://www.youtube.com/watch?v=N2U7GRD-r9k
Billy Joel,We Didn't Start The Fire,1989,https://www.youtube.com/watch?v=JdIRIpyrH98
Alice Cooper,Poison,1989,https://www.youtube.com/watch?v=PodQg-qgUXs
Cher,If I Could Turn Back Time,1989,https://www.youtube.com/watch?v=_eorELNxxrU
Nena,Wunder gescheh'n,1989,https://www.youtube.com/watch?v=mWIsf3PZoG8
Queen,I Want It All,1989,https://www.youtube.com/watch?v=9NH87JoJ8Pk
Westernhagen,Sexy,1989,https://www.youtube.com/watch?v=9GI6w6kChsI
Queen,Breakthru,1989,https://www.youtube.com/watch?v=CpxdzbiASeg
Chris Isaak,Wicked Game,1989,https://www.youtube.com/watch?v=yIQui6Y9Ho4
Disney’s Arielle,Unten im Meer,1989,https://www.youtube.com/watch?v=IkLpSgnEqw4
Rainhard Fendrich,I Am From Austria,1989,https://www.youtube.com/watch?v=wANQRC4GO8E
Disney’s Arielle,Nur ein Kuss,1989,https://www.youtube.com/watch?v=mO70rl0Jm2c
David Hasselhoff,Looking For Freedom,1988,https://www.youtube.com/watch?v=iFS_lAg_tSo
Robin Beck,First Time,1988,https://www.youtube.com/watch?v=oXk-PPmH5ak
Roxette,The Look,1988,https://www.youtube.com/watch?v=SXiWHWkbD6Y
Fine Young Cannibals,She Drives Me Crazy,1988,https://www.youtube.com/watch?v=J--Nq_zDDr8
Soulsister,The Way To Your Heart,1988,https://www.youtube.com/watch?v=-rzpX12fJy0
Bobby McFerrin,"Don't Worry, Be Happy",1988,https://www.youtube.com/watch?v=68vZX2uUKKA
Milli Vanilli,Girl You Know It's True,1988,https://www.youtube.com/watch?v=An2YKPRAx-E
Rainhard Fendrich,Macho Macho,1988,https://www.youtube.com/watch?v=YrJs9OqPndI
Salt 'N' Pepa,Push It (Again),1988,https://www.youtube.com/watch?v=vCadcBR95oU
Fat Boys with Chubby Checker,The Twist,1988,https://www.youtube.com/watch?v=b_1M25ZOspM
Whitney Houston,One Moment In Time,1988,https://www.youtube.com/watch?v=NVIpECtQfNM
Womack & Womack,Teardrops,1988,https://www.youtube.com/watch?v=gEnDy1HvRaI
Herbert Grönemeyer,Was soll das,1988,https://www.youtube.com/watch?v=V-ntQ1g7zzc
Yazz and the Plastic Population,The Only Way Is Up,1988,https://www.youtube.com/watch?v=vjD3EVC1-zU
The Bangles,Eternal Flame,1988,https://www.youtube.com/watch?v=wlZqSCrNmtg
Original Naabtal Duo,Patrona Bavariae,1988,https://www.youtube.com/watch?v=xdbPdGqjZGM
Michael Jackson,Smooth Criminal,1988,https://www.youtube.com/watch?v=gV5SnMKpEqs
The Proclaimers,I'm Gonna Be (500 Miles),1988,https://www.youtube.com/watch?v=NKxVjm2MFwE
Roxette,Listen To Your Heart,1988,https://www.youtube.com/watch?v=E310_bV4vEA
Disney’s Gummibärenbande,Theme,1988,https://www.youtube.com/watch?v=O5sd_CuZxNc
Salt-N-Pepa,Push It,1988,https://www.youtube.com/watch?v=vCadcBR95oU
Michael Jackson,Smooth Criminal (Single),1988,https://www.youtube.com/watch?v=gV5SnMKpEqs
Pet Shop Boys,Always On My Mind,1987,https://www.youtube.com/watch?v=bDMCwSP5nf0
France Gall,Ella elle l'a,1987,https://www.youtube.com/watch?v=lgHGU8gqz9U
Taylor Dayne,Tell It To My Heart,1987,https://www.youtube.com/watch?v=qEpDhxLIAfk
Pet Shop Boys,It's A Sin,1987,https://www.youtube.com/watch?v=GkVkzemxdDo
Whitney Houston,I Wanna Dance With Somebody (Who Loves Me),1987,https://www.youtube.com/watch?v=oKWPYxXkAS0
Rick Astley,Never Gonna Give You Up,1987,https://www.youtube.com/watch?v=SbYXkOAoZpI
George Michael,Faith,1987,https://www.youtube.com/watch?v=TKWD4d1rnJ4
Bee Gees,You Win Again,1987,https://www.youtube.com/watch?v=9qdqDyo4S4Y
Michael Jackson,Bad,1987,https://www.youtube.com/watch?v=5dAWTpsCeXk
O. K.,Okay!,1987,https://www.youtube.com/watch?v=juT__vlc07g
Mory Kante,Yé ké yé ké,1987,https://www.youtube.com/watch?v=BVmS0SSSdWM
Sabrina,Boys (Summertime Love),1987,https://www.youtube.com/watch?v=B-d4k1UXFQU
M|A|R|R|S,Pump Up the Volume,1987,https://www.youtube.com/watch?v=w9gOQgfPW4Y
Sting,Englishman In New York,1987,https://www.youtube.com/watch?v=wgFjpawX7N0
Guns N' Roses,Sweet Child O' Mine,1987,https://www.youtube.com/watch?v=qoflJn7zkFM
Guns N' Roses,Paradise City,1987,https://www.youtube.com/watch?v=WmPCWdgVe5o
Rick Astley,Together Forever,1987,https://www.youtube.com/watch?v=rzN5zMepszU
EAV,Küss die Hand schöne Frau,1987,https://www.youtube.com/watch?v=QldfiiIWrcs
Guns N' Roses,Welcome To The Jungle,1987,https://www.youtube.com/watch?v=CP3sn7T0rxY
U2,With Or Without You,1987,https://www.youtube.com/watch?v=E54UIjXTw2E
Marius Müller-Westernhagen,Freiheit,1987,https://www.youtube.com/watch?v=agKE1TuUOuM
Michael Jackson,Man In The Mirror (Album Version),1987,https://www.youtube.com/watch?v=PivWY9wn5ps
Bananarama,I Heard A Rumour,1987,https://www.youtube.com/watch?v=m-DZQ80vEVI
Belinda Carlisle,Heaven Is A Place On Earth,1987,https://www.youtube.com/watch?v=EqXd7mBDteo
Disney’s DuckTales,Theme,1987,https://www.youtube.com/watch?v=CenzjSEkDDA
U2,I Still Haven’t Found What I’m Looking For,1987,https://www.youtube.com/watch?v=plEzQoD95c4
Rolf Zuckowski und seine Freunde,In der Weihnachtsbäckerei,1987,https://www.youtube.com/watch?v=IFZqDcFU4Ow
Böhse Onkelz,Erinnerungen,1987,https://www.youtube.com/watch?v=cBbqFxun9x4
Westernhagen,Freiheit (Album Version),1987,https://www.youtube.com/watch?v=agKE1TuUOuM
Erste Allgemeine Verunsicherung,Burli,1987,https://www.youtube.com/watch?v=gIbXDlyKHiE
Desireless,Voyage voyage,1986,https://www.youtube.com/watch?v=pRtlnvhDR5o
Madonna,La isla bonita,1986,https://www.youtube.com/watch?v=UWov7-qFxKk
Mixed Emotions,"You Want Love (Maria, Maria...)",1986,https://www.youtube.com/watch?v=vLvSwkYXV4U
John Farnham,You're The Voice,1986,https://www.youtube.com/watch?v=fa3YDYhUYM0
Billy Idol,Sweet Sixteen,1986,https://www.youtube.com/watch?v=nfYPzf6C_oU
Chris Norman,Midnight Lady,1986,https://www.youtube.com/watch?v=PvCt1M7E1Us
Level 42,Lessons In Love,1986,https://www.youtube.com/watch?v=4GWl_9mJE-A
Samantha Fox,Touch Me (I Want Your Body),1986,https://www.youtube.com/watch?v=tLjuwftAZBI
Europe,The Final Countdown,1986,https://www.youtube.com/watch?v=cZid3J36wH8
Bananarama,Venus,1986,https://www.youtube.com/watch?v=QtngIWazfT0
Modern Talking,Brother Louie,1986,https://www.youtube.com/watch?v=KWluXeUUUNA
Status Quo,In the Army Now,1986,https://www.youtube.com/watch?v=EIxsPBbZ_b8
Mel & Kim,Showing Out (Get Fresh at the Weekend),1986,https://www.youtube.com/watch?v=14b-BASNVdI
M.C. Miker G & Deejay Sven,Holiday Rap,1986,https://www.youtube.com/watch?v=ajAxevEWgJg
Bruce & Bongo,Geil,1986,https://www.youtube.com/watch?v=w_P3uwRiimo
Falco,Coming Home (Jeanny Part II),1986,https://www.youtube.com/watch?v=FOqh6suxtA8
Frankie Goes to Hollywood,Rage Hard,1986,https://www.youtube.com/watch?v=T9AXDPCWics
Rio Reiser,König von Deutschland,1986,https://www.youtube.com/watch?v=BzGHhaMUqSQ
Münchener Freiheit,Tausendmal du,1986,https://www.youtube.com/watch?v=zF5XQmy2aII
Bon Jovi,You Give Love A Bad Name,1986,https://www.youtube.com/watch?v=KrZHPOeOxQQ
Prince,Kiss,1986,https://www.youtube.com/watch?v=UVRqSQC9pU0
Peter Gabriel & Kate Bush,Don't Give Up,1986,https://www.youtube.com/watch?v=l9vWBWEGEnM
Queen,Who Wants To Live Forever,1986,https://www.youtube.com/watch?v=bQrA8PfNS5k
Trio Rio,New York - Rio - Tokyo,1986,https://www.youtube.com/watch?v=X7UDTMag7nc
Bon Jovi,Wanted Dead Or Alive,1986,https://www.youtube.com/watch?v=ecNGtHxzG0w
Metallica,Master Of Puppets,1986,https://www.youtube.com/watch?v=6xjJ2XIbGRk
Madonna,Papa Don’t Preach,1986,https://www.youtube.com/watch?v=bn9ovbJxKic
Rio Reiser,Junimond,1986,https://www.youtube.com/watch?v=X6VIYLmS6vM
Udo Lindenberg,Hinterm Horizont geht's weiter,1986,https://www.youtube.com/watch?v=S_16tnjWH40
Falco,Jeanny Part I,1985,https://www.youtube.com/watch?v=MFt2TCCiN7E
Münchener Freiheit,Ohne dich (schlaf ich heut Nacht nicht ein),1985,https://www.youtube.com/watch?v=Y9x0_gdSepo
Falco,Rock Me Amadeus,1985,https://www.youtube.com/watch?v=cVikZ8Oe_XA
Sandra,(I'll Never Be) Maria Magdalena,1985,https://www.youtube.com/watch?v=bd3I_T4el3M
Tina Turner,We Don't Need Another Hero (Thunderdome),1985,https://www.youtube.com/watch?v=kDERlmd2NS4
Baltimora,Tarzan Boy,1985,https://www.youtube.com/watch?v=MCP7gQuR2k8
Modern Talking,You Can Win If You Want,1985,https://www.youtube.com/watch?v=oxM8Kf5SeiA
Modern Talking,"Cheri, Cheri Lady",1985,https://www.youtube.com/watch?v=lrIKt5uDWZo
USA for Africa,We Are the World,1985,https://www.youtube.com/watch?v=s3wNuru4U0I
Elton John,Nikita,1985,https://www.youtube.com/watch?v=-nnGXVC1WcY
Dire Straits,Money for Nothing,1985,https://www.youtube.com/watch?v=qmRzbKNbTsY
Lionel Richie,"Say You, Say Me",1985,https://www.youtube.com/watch?v=uDeIZhuefrw
Kate Bush,Running Up That Hill,1985,https://www.youtube.com/watch?v=wp43OdtAAkM
Paul Hardcastle,19,1985,https://www.youtube.com/watch?v=0sajngb0W6I
Europe,Rock The Night,1985,https://www.youtube.com/watch?v=iogbHQcDRTU
Tears For Fears,Everybody Wants to Rule the World,1985,https://www.youtube.com/watch?v=tSBWmxwT8So
Starship,We Built This City,1985,https://www.youtube.com/watch?v=JW1kfoXtxzY
EAV,Ba-Ba-Banküberfall,1985,https://www.youtube.com/watch?v=rXUlmP5MvnE
Katrina And The Waves,Walking On Sunshine,1985,https://www.youtube.com/watch?v=qK5KhQG06xU
Marillion,Kayleigh,1985,https://www.youtube.com/watch?v=-fK2a1adl78
Queen,One Vision,1985,https://www.youtube.com/watch?v=-OGd4gplxQM
Heinz Rudolf Kunze,Dein ist mein ganzes Herz,1985,https://www.youtube.com/watch?v=49F0aMgJgl0
Falco,Vienna Calling,1985,https://www.youtube.com/watch?v=MTlSjRMx5Ic
Erste Allgemeine Verunsicherung,Fata Morgana,1985,https://www.youtube.com/watch?v=lheIRyhsUSE
Erste Allgemeine Verunsicherung,Märchenprinz,1985,https://www.youtube.com/watch?v=-aguFCFbnzE
Ofra Haza,Im nin' alu,1984,https://www.youtube.com/watch?v=ZRnzTTYk7_Q
Bonnie Bianco & Pierre Cosso,Stay,1984,https://www.youtube.com/watch?v=NBvNTnTwxpE
Opus,Live Is Life,1984,https://www.youtube.com/watch?v=pATX-lV0VFk
Modern Talking,"You're My Heart, You're My Soul",1984,https://www.youtube.com/watch?v=y0P_gB5t2Eo
Murray Head,One Night In Bangkok,1984,https://www.youtube.com/watch?v=RnagSceaXss
Tears For Fears,Shout,1984,https://www.youtube.com/watch?v=Z4voBgiCEjU
Laura Branigan,Self Control,1984,https://www.youtube.com/watch?v=U8v6lFnnBug
Talk Talk,Such A Shame,1984,https://www.youtube.com/watch?v=iTZYNxry9vA
Stevie Wonder,I Just Called To Say I Love You,1984,https://www.youtube.com/watch?v=y4_bsyun2ok
Evelyn Thomas,High Energy,1984,https://www.youtube.com/watch?v=c6uVXJ3x2Sk
Frankie Goes To Hollywood,Two Tribes,1984,https://www.youtube.com/watch?v=pO1HC8pHZw0
George Michael,Careless Whisper,1984,https://www.youtube.com/watch?v=JqIHlDVqUTw
Jermaine Jackson & Pia Zadora,When the Rain Begins to Fall,1984,https://www.youtube.com/watch?v=lqN-O9fZ6vk
Bronski Beat,Smalltown Boy,1984,https://www.youtube.com/watch?v=E5i2Wa7daDA
Alphaville,Sounds Like a Melody,1984,https://www.youtube.com/watch?v=sUz2DK-ucWc
Duran Duran,The Wild Boys,1984,https://www.youtube.com/watch?v=M43wsiNBwmo
Limahl,Never Ending Story,1984,https://www.youtube.com/watch?v=2WN0T-Ee3q4
Jan Hammer,Crockett's Theme,1984,https://www.youtube.com/watch?v=pEMQpFFjssY
Pet Shop Boys,West End Girls,1984,https://www.youtube.com/watch?v=f_fcSzKVzxI
Queen,I want to break free,1984,https://www.youtube.com/watch?v=WUOtCLOXgm8
Alphaville,Forever Young,1984,https://www.youtube.com/watch?v=-ym0I1D8PfA
Wham!,Wake Me Up Before You Go-Go,1984,https://www.youtube.com/watch?v=JTBoLANhyVA
Bonnie Tyler,Holding Out For A Hero,1984,https://www.youtube.com/watch?v=Hq5mVt-iozQ
Madonna,Material Girl,1984,https://www.youtube.com/watch?v=KapHTsjh_Nw
Madonna,Like a Virgin,1984,https://www.youtube.com/watch?v=oC-0K2Dm5XQ
Bruce Springsteen,Born in the U.S.A.,1984,https://www.youtube.com/watch?v=vDCP8m78FhQ
Die Ärzte,Zu spät,1984,https://www.youtube.com/watch?v=ShPkW-JIlA4
Bryan Adams,Summer of '69,1984,https://www.youtube.com/watch?v=drFM4oyK040
Klaus Lage Band,1000 und 1 Nacht (Zoom!),1984,https://www.youtube.com/watch?v=Ug3HFmW8AVA
Herbert Grönemeyer,Männer,1984,https://www.youtube.com/watch?v=UEJNMkEr1Ls
Roland Kaiser,Joana,1984,https://www.youtube.com/watch?v=SDrZf_9RY4Q
Klaus & Klaus,An der Nordseeküste,1984,https://www.youtube.com/watch?v=JGOx4oG3Q3g
Queen,Radio Ga Ga,1984,https://www.youtube.com/watch?v=_hWWX3_oPFQ
Prince,Purple Rain,1984,https://www.youtube.com/watch?v=OOM6TiWJdps
Scorpions,Rock You Like A Hurricane,1984,https://www.youtube.com/watch?v=6yP1tcy9a10
Bryan Adams,Run To You,1984,https://www.youtube.com/watch?v=nCBASt507WA
Frankie Goes To Hollywood,The Power Of Love,1984,https://www.youtube.com/watch?v=o5Fz02-oHq0
Wham!,Last Christmas,1984,https://www.youtube.com/watch?v=KhqNTjbQ71A
Dead Or Alive,You Spin Me Round (Like A Record),1984,https://www.youtube.com/watch?v=xyQC_PXL1G4
Foreigner,I Want To Know What Love Is,1984,https://www.youtube.com/watch?v=2j_ai_zYntw
Metallica,Fade To Black,1984,https://www.youtube.com/watch?v=wpq7wn2YPYU
Scorpions,Still Loving You,1984,https://www.youtube.com/watch?v=EYyarcp5LtU
Herbert Grönemeyer,Flugzeuge im Bauch,1984,https://www.youtube.com/watch?v=D-GrB_52_bQ
Die Ärzte,Claudia hat ’nen Schäferhund,1984,https://www.youtube.com/watch?v=rDEvucnEDBo
Herbert Grönemeyer,Alkohol,1984,https://www.youtube.com/watch?v=ImJs6kDTEuI
Die Ärzte,Schlaflied,1984,https://www.youtube.com/watch?v=-OSkoP6KAsM
Nino de Angelo,Jenseits von Eden,1983,https://www.youtube.com/watch?v=zsMQdQNlwfk
Frankie Goes To Hollywood,Relax,1983,https://www.youtube.com/watch?v=iCNLwAv1c1A
Alphaville,Big In Japan,1983,https://www.youtube.com/watch?v=Htyxdk8Qbuw
Real Life,Send Me An Angel,1983,https://www.youtube.com/watch?v=07IDakz5Sww
Mike Oldfield,Moonlight Shadow,1983,https://www.youtube.com/watch?v=hA-8iIrnsK4
Robin Gibb,Juliet,1983,https://www.youtube.com/watch?v=D3k3y7dykx0
Irene Cara,Flashdance ...What A Feeling,1983,https://www.youtube.com/watch?v=7uHZfjAjO7E
Rod Stewart,Baby Jane,1983,https://www.youtube.com/watch?v=TVWNiw6AoNE
Lionel Richie,Hello,1983,https://www.youtube.com/watch?v=U7Z0qpn_OQs
Culture Club,Karma Chameleon,1983,https://www.youtube.com/watch?v=JFvXvV0oZIo
New Order,Blue Monday,1983,https://www.youtube.com/watch?v=c1GxjzHm5us
Righeira,Vamos a la playa,1983,https://www.youtube.com/watch?v=sTsVJ1PsnMs
Stefan Waggershausen & Alice,Zu Nah Am Feuer,1983,https://www.youtube.com/watch?v=4B3uo8Izpsc
Masquerade,Guardian Angel,1983,https://www.youtube.com/watch?v=LHj3MYP5uY8
Tauchen Prokopetz,Codo,1983,https://www.youtube.com/watch?v=402kTv0aeVM
Bonnie Tyler,Total Eclipse of the Heart,1983,https://www.youtube.com/watch?v=f5t2-Q-nO14
Kenny Loggins,Footloose,1983,https://www.youtube.com/watch?v=FDMHZFJnk2s
Wolfgang Petry,Wahnsinn,1983,https://www.youtube.com/watch?v=8WQFqRO3Xzg
The Police,Every Breath You Take,1983,https://www.youtube.com/watch?v=FXozwCdSLb0
Die Toten Hosen,Eisgekühlter Bommerlunder,1983,https://www.youtube.com/watch?v=t03Nh0hyBY4
Elton John,I'm Still Standing,1983,https://www.youtube.com/watch?v=MJ_aPtt4U8M
Cyndi Lauper,Time After Time,1983,https://www.youtube.com/watch?v=w1G-g3MptSw
Klaus & Klaus,Da steht ein Pferd auf dem Flur,1983,https://www.youtube.com/watch?v=tikoFcOei5Q
Billy Joel,Uptown Girl,1983,https://www.youtube.com/watch?v=o-0Oect0nVQ
Donna Summer,She Works Hard For The Money,1983,https://www.youtube.com/watch?v=6g64usa2j5s
Cyndi Lauper,She Bop,1983,https://www.youtube.com/watch?v=ESbJI1_tjMo
Howard Carpendale,Hello Again,1983,https://www.youtube.com/watch?v=8rRgfq5X7DY
Bryan Adams,Heaven,1983,https://www.youtube.com/watch?v=3eT464L1YRA
STS,Fürstenfeld,1983,https://www.youtube.com/watch?v=FpRmP0XUVcA
Peter Maffay,Nessaja,1983,https://www.youtube.com/watch?v=hNQCWw8rt0w
DÖF,Codo,1983,https://www.youtube.com/watch?v=HaPAqh37NTk
Peter Schilling,Major Tom (völlig losgelöst),1982,https://www.youtube.com/watch?v=KQRaj1vcnrs
Nena,99 Luftballons,1982,https://www.youtube.com/watch?v=2oV1KwiTrdM
Culture Club,Do You Really Want To Hurt Me,1982,https://www.youtube.com/watch?v=EIDroafKDpI
Geier Sturzflug,Bruttosozialprodukt,1982,https://www.youtube.com/watch?v=7Df3vRcoA50
Laid Back,Sunshine Reggae,1982,https://www.youtube.com/watch?v=RlZ3bsSaan4
Al Bano & Romina Power,Felicità,1982,https://www.youtube.com/watch?v=ZSPkTvdzzDk
Nicole,Ein bißchen Frieden,1982,https://www.youtube.com/watch?v=9CGM_kb03rw
Markus,Ich will Spaß,1982,https://www.youtube.com/watch?v=UW7lB7p0Eow
Marti Webb,Take That Look Off Your Face,1982,https://www.youtube.com/watch?v=rPFaJZaeGqA
F.R. David,Words,1982,https://www.youtube.com/watch?v=oZaDX7cgJEo
Nena,Nur geträumt,1982,https://www.youtube.com/watch?v=HEGRwUuWn64
Survivor,Eye of the Tiger,1982,https://www.youtube.com/watch?v=_qDML_BCju8
Hubert Kah,Sternenhimmel,1982,https://www.youtube.com/watch?v=Krr2nWif65Q
Dexys Midnight Runners,Come on Eileen,1982,https://www.youtube.com/watch?v=6BODDyZRF6A
Musical Youth,Pass the Dutchie,1982,https://www.youtube.com/watch?v=B7ookp6BBJk
Michael Jackson,Billie Jean,1982,https://www.youtube.com/watch?v=Zi_XLOBDo_Y
Eurythmics,Sweet Dreams (Are Made of This),1982,https://www.youtube.com/watch?v=bG9z-atG7gc
Andy Borg,Adios amor,1982,https://www.youtube.com/watch?v=yp02CEIWX8c
Udo Lindenberg,Sonderzug nach Pankow,1982,https://www.youtube.com/watch?v=b-NSfmhiTBg
Michael Jackson,Beat It,1982,https://www.youtube.com/watch?v=8fO8jVZ3T9g
Michael Jackson,Thriller,1982,https://www.youtube.com/watch?v=vAN-Ajsh1zA
Toto,Africa,1982,https://www.youtube.com/watch?v=Kb7lAMjFuA0
Spliff,Carbonara,1982,https://www.youtube.com/watch?v=_Hrrn-BOEiw
UKW,Sommersprossen,1982,https://www.youtube.com/watch?v=O92sSUQ_bks
Nena,Leuchtturm,1982,https://www.youtube.com/watch?v=sVz-ugOE_Tc
Wham!,Club Tropicana,1982,https://www.youtube.com/watch?v=QHi4yHbSMjA
Ixi,Der Knutschfleck,1982,https://www.youtube.com/watch?v=-ulE8R2SmcA
Paul McCartney & Stevie Wonder,Ebony And Ivory,1982,https://www.youtube.com/watch?v=5rkS4fD2ysQ
Billy Idol,White Wedding,1982,https://www.youtube.com/watch?v=AAZQaYKZMTI
Wolfgang Petry,Der Himmel brennt,1982,https://www.youtube.com/watch?v=AGvzUFzx5jE
Die Ärzte,Teenager Liebe (Echt),1982,https://www.youtube.com/watch?v=O3r3n7OOIag
OMD (Orchestral Manoeuvres In The Dark),Maid Of Orleans (The Waltz Joan Of Arc),1981,https://www.youtube.com/watch?v=aRVeam20F-s
Spider Murphy Gang,Skandal im Sperrbezirk,1981,https://www.youtube.com/watch?v=oESfa8jt0p8
Falco,Der Kommissar,1981,https://www.youtube.com/watch?v=8-bgiiTxhzM
Trio,Da da da ich lieb dich nicht du liebst mich nicht aha aha aha,1981,https://www.youtube.com/watch?v=xqTBlft8gQA
Kim Wilde,Kids In America,1981,https://www.youtube.com/watch?v=6P-et8rXGmI
Phil Collins,In The Air Tonight,1981,https://www.youtube.com/watch?v=P4rid7pfHD0
Ottawan,Hands Up (Give Me Your Heart),1981,https://www.youtube.com/watch?v=L2pihJJpP80
Kim Carnes,Bette Davis Eyes,1981,https://www.youtube.com/watch?v=5kh_kmbczAI
Soft Cell,Tainted Love,1981,https://www.youtube.com/watch?v=PE0Wu1ivS7Q
Aneka,Japanese Boy,1981,https://www.youtube.com/watch?v=YyTruRHZsFQ
Gottlieb Wendehals,Polonäse Blankenese,1981,https://www.youtube.com/watch?v=bf6pR6MC2Xs
ABBA,One of Us,1981,https://www.youtube.com/watch?v=KoT5vV25Qng
The Human League,Don't You Want Me,1981,https://www.youtube.com/watch?v=qFwN_j_5ndU
Alice,Una notte speciale,1981,https://www.youtube.com/watch?v=czA66jXjEVE
Stars On 45,Stars On 45,1981,https://www.youtube.com/watch?v=7skQvj-aBV8
Roland Kaiser,Lieb' mich ein letztes Mal,1981,https://www.youtube.com/watch?v=YLaM9ThdTQQ
Joan Jett & The Blackhearts,I Love Rock 'n' Roll,1981,https://www.youtube.com/watch?v=aO3ip1gN1vg
Spider Murphy Gang,Schickeria,1981,https://www.youtube.com/watch?v=ez5zjxJmQtw
Trio,Da Da Da,1981,https://www.youtube.com/watch?v=xqTBlft8gQA
Roland Kaiser,Dich zu lieben,1981,https://www.youtube.com/watch?v=6ga2uOXdvDI
Queen,Under Pressure,1981,https://www.youtube.com/watch?v=EZ8ixdXRCOo
Diana Ross & Lionel Richie,Endless Love,1981,https://www.youtube.com/watch?v=eUziaLN7xDc
Men At Work,Down Under,1981,https://www.youtube.com/watch?v=EeeBH294v6I
Udo Jürgens,Vielen Dank für die Blumen,1981,https://www.youtube.com/watch?v=StpAMGbEZDw
Richard Sanderson,Reality,1980,https://www.youtube.com/watch?v=arg-TuFxmq0
Joachim Witt,Goldener Reiter,1980,https://www.youtube.com/watch?v=wLme-EQY-bQ
Visage,Fade To Grey,1980,https://www.youtube.com/watch?v=eZHk4RwIp_g
Barclay James Harvest,Life Is For Living,1980,https://www.youtube.com/watch?v=WD2utw8X17w
Styx,Boat On The River,1980,https://www.youtube.com/watch?v=XTG78Avr71I
Mike Krüger,Der Nippel,1980,https://www.youtube.com/watch?v=1KRa4pD6ZUI
Roland Kaiser,Santa Maria,1980,https://www.youtube.com/watch?v=0oJ99THF4Rc
ABBA,Super Trouper,1980,https://www.youtube.com/watch?v=ktNt-69TixI
Barbra Streisand,Woman in Love,1980,https://www.youtube.com/watch?v=hQLGCX8D-1Y
Olivia Newton-John & Electric Light Orchestra,Xanadu,1980,https://www.youtube.com/watch?v=cLi8fTlDEag
Shakin' Stevens,This Ole House,1980,https://www.youtube.com/watch?v=dRvcrWGUmR4
Electronica's,Dance Little Bird,1980,https://www.youtube.com/watch?v=NYz_Od8dzPc
Frank Duval,Angel Of Mine,1980,https://www.youtube.com/watch?v=GUlkB2XDiRs
Queen,Another One Bites The Dust,1980,https://www.youtube.com/watch?v=OdurVND-DSs
AC/DC,You Shook Me All Night Long,1980,https://www.youtube.com/watch?v=Lo2qQmj0_h4
ABBA,Lay All Your Love On Me,1980,https://www.youtube.com/watch?v=ulZQTrV8QlQ
ABBA,The Winner Takes It All,1980,https://www.youtube.com/watch?v=81WhM9dOcYI
Kool & The Gang,Celebration,1980,https://www.youtube.com/watch?v=cIg6odS-fA0
Journey,Any Way You Want It,1980,https://www.youtube.com/watch?v=5BwClieXpLU
AC/DC,Hells Bells,1980,https://www.youtube.com/watch?v=xJR1oTDt1Ak
Diana Ross,I’m Coming Out,1980,https://www.youtube.com/watch?v=ZuvGXxf7oNI
ABBA,Happy New Year,1980,https://www.youtube.com/watch?v=6eLnnZnXcX8
AC/DC,Back In Black,1980,https://www.youtube.com/watch?v=rrim6_9VSeM
Air Supply,All Out Of Love,1980,https://www.youtube.com/watch?v=vYW-SVNTEIw
Peter Maffay,Über sieben Brücken musst du gehn,1980,https://www.youtube.com/watch?v=eKwl5HclBeQ
Extrabreit,"Hurra, hurra, die Schule brennt",1980,https://www.youtube.com/watch?v=Ibuw9NphX5M
Wolfgang Petry,Ganz oder gar nicht,1980,https://www.youtube.com/watch?v=KBvRnmUeoDQ
Extrabreit,"Flieger, grüß’ mir die Sonne (Album Version)",1980,https://www.youtube.com/watch?v=UZOKlbAF5n0
Goombay Dance Band,Sun Of Jamaica,1979,https://www.youtube.com/watch?v=P5OrPKTFBIY
Pink Floyd,Another Brick In The Wall (Part II),1979,https://www.youtube.com/watch?v=HrxX9TBj2zY
Ottawan,D.I.S.C.O.,1979,https://www.youtube.com/watch?v=KohGHXEQrSE
Earth & Fire,Weekend,1979,https://www.youtube.com/watch?v=Td-ROBdPOQw
Garland Jeffreys,Matador,1979,https://www.youtube.com/watch?v=ED4JlcjT-C4
Peter Maffay,So bist du,1979,https://www.youtube.com/watch?v=r-hNP-CkZYE
Dschinghis Khan,Dschinghis Khan,1979,https://www.youtube.com/watch?v=EKRZwSPZccc
ABBA,Chiquitita,1979,https://www.youtube.com/watch?v=p9Y3N_2xUsw
Dschinghis Khan,Moskau,1979,https://www.youtube.com/watch?v=gtC-WohlLw4
Racey,Some Girls,1979,https://www.youtube.com/watch?v=5E2TAr5IIDY
Lipps Inc.,Funkytown,1979,https://www.youtube.com/watch?v=Z6dqIYKIBSU
Diana Ross,Upside Down,1979,https://www.youtube.com/watch?v=Po0BbGMSX4g
Cliff Richard,We Don't Talk Anymore,1979,https://www.youtube.com/watch?v=GzjX18psf9A
Donna Summer,Hot Stuff,1979,https://www.youtube.com/watch?v=knmBAKUMPaI
ABBA,Gimme! Gimme! Gimme! (A Man After Midnight),1979,https://www.youtube.com/watch?v=-mHMvYn6RVs
Anita Ward,Ring My Bell,1979,https://www.youtube.com/watch?v=TaBLlkqx7eU
KISS,I Was Made for Lovin' You,1979,https://www.youtube.com/watch?v=ooZ-Sqx5gh0
Peter Kent,It's A Real Good Feeling,1979,https://www.youtube.com/watch?v=wiZvYvqUhro
M,Pop Muzik,1979,https://www.youtube.com/watch?v=62X0slptfB8
The Buggles,Video Killed the Radio Star,1979,https://www.youtube.com/watch?v=W8r-tXRLazs
AC/DC,Highway to Hell,1979,https://www.youtube.com/watch?v=LMuDrj5BpM0
Queen,Crazy Little Thing Called Love,1979,https://www.youtube.com/watch?v=18sbJPKCo7Y
ABBA,Voulez-vous,1979,https://www.youtube.com/watch?v=XQ45gynAUPg
ABBA,Does Your Mother Know,1979,https://www.youtube.com/watch?v=F-5i39UMFJo
Blondie,Atomic,1979,https://www.youtube.com/watch?v=ow6EbUVav2E
Frank Zappa,Bobby Brown,1978,https://www.youtube.com/watch?v=q0fWlClXZrI
Patrick Hernandez,Born To Be Alive,1978,https://www.youtube.com/watch?v=iqjCqAK0eZU
Village People,Y.M.C.A.,1978,https://www.youtube.com/watch?v=HWl3YA3EEl4
Blondie,Heart Of Glass,1978,https://www.youtube.com/watch?v=56_tMgR3FXw
Art Garfunkel,Bright Eyes,1978,https://www.youtube.com/watch?v=a502RejLz8s
Boney M.,Rivers Of Babylon,1978,https://www.youtube.com/watch?v=GHDVErAq19A
John Travolta / Olivia Newton-John,You're The One That I Want,1978,https://www.youtube.com/watch?v=LwfnXM5wzxo
Luv',You're the Greatest Lover,1978,https://www.youtube.com/watch?v=0r82pPsShWI
Boney M.,Rasputin,1978,https://www.youtube.com/watch?v=Nl_Eo2QzqU4
Smokie,Mexican Girl,1978,https://www.youtube.com/watch?v=-7ZCEXnsDyQ
Marshall Hain,Dancing In The City,1978,https://www.youtube.com/watch?v=NjYgLIicqus
Bino,Mama Leone,1978,https://www.youtube.com/watch?v=CRcXv_zMq64
Gebrüder Blattschuss,Kreuzberger Nächte,1978,https://www.youtube.com/watch?v=lPOGAob2w_g
Eruption feat. Precious Wilson,I Can't Stand The Rain,1978,https://www.youtube.com/watch?v=kbpsI2c_3-E
"Earth, Wind & Fire",September,1978,https://www.youtube.com/watch?v=aqZxIL4YE2I
Karat,Über sieben Brücken mußt du gehn,1978,https://www.youtube.com/watch?v=28MMYPoG8ag
Queen,Fat Bottomed Girls,1978,https://www.youtube.com/watch?v=1ncYJCw7N8g
Toto,Hold The Line,1978,https://www.youtube.com/watch?v=7JHRNE1HeKE
The Undertones,Teenage Kicks,1978,https://www.youtube.com/watch?v=PinCg7IGqHg
Vader Abraham,Das Lied der Schlümpfe,1977,https://www.youtube.com/watch?v=L14dxvSyCrk
Wings,Mull Of Kintyre,1977,https://www.youtube.com/watch?v=iZGhxvFkHVg
Bee Gees,Stayin' Alive,1977,https://www.youtube.com/watch?v=WlgoUlOkyzU
Amanda Lear,Follow Me,1977,https://www.youtube.com/watch?v=nz3AnH-fh44
Bee Gees,Night Fever,1977,https://www.youtube.com/watch?v=nEhSi5WGS7g
Gerry Rafferty,Baker Street,1977,https://www.youtube.com/watch?v=ZPX3L44TdS4
Baccara,"Yes Sir, I Can Boogie",1977,https://www.youtube.com/watch?v=32wDFCM7iSI
Boney M.,Ma Baker,1977,https://www.youtube.com/watch?v=aDRocLX0tao
Donna Summer,I Feel Love,1977,https://www.youtube.com/watch?v=9ZqqvrWCs3Q
Santa Esmeralda,Don't Let Me Be Misunderstood,1977,https://www.youtube.com/watch?v=6k2z_4vQUu8
Smokie,Lay Back in the Arms of Someone,1977,https://www.youtube.com/watch?v=q_UpIcV4Bdg
Space,Magic Fly,1977,https://www.youtube.com/watch?v=TONnzySDbqk
Udo Jürgens,Mit 66 Jahren,1977,https://www.youtube.com/watch?v=eRMIfhvoZzA
Meat Loaf,Paradise By The Dashboard Light,1977,https://www.youtube.com/watch?v=7MHSI_Z1MWw
ABBA,Take A Chance On Me,1977,https://www.youtube.com/watch?v=f_lfgahuMk0
ABBA,Thank You For The Music,1977,https://www.youtube.com/watch?v=6N8Oyg42jFA
Henry Valentino & Uschi,Im Wagen vor mir (ZDF Hitparade 1978),1977,https://www.youtube.com/watch?v=6TMlNPJBgpU
Bob Marley & The Wailers,Three Little Birds,1977,https://www.youtube.com/watch?v=LanCLS_hIo4
Karel Gott,Die Biene Maja,1977,https://www.youtube.com/watch?v=96tOPyuhuJs
Howard Carpendale,Ti Amo,1977,https://www.youtube.com/watch?v=QAVenCdGv8k
ABBA,Dancing Queen,1976,https://www.youtube.com/watch?v=xFrGuyw1V8s
Eagles,Hotel California,1976,https://www.youtube.com/watch?v=dLl4PZtxia8
Fleetwood Mac,Go Your Own Way,1976,https://www.youtube.com/watch?v=oiosqtFLBBA
Udo Jürgens,Aber bitte mit Sahne,1976,https://www.youtube.com/watch?v=9uwgpI3fd_Y
ABBA,Fernando,1976,https://www.youtube.com/watch?v=40Z5cWP4IqQ
Costa Cordalis,Anita,1976,https://www.youtube.com/watch?v=b58_FSpSWhw
Queen,Somebody To Love,1976,https://www.youtube.com/watch?v=FZ3i8RyCmWo
ABBA,"Money, Money, Money",1976,https://www.youtube.com/watch?v=rIFm_GOH-0Y
ABBA,"Knowing Me, Knowing You",1976,https://www.youtube.com/watch?v=3h1Gyqkaju0
Thin Lizzy,The Boys Are Back In Town,1976,https://www.youtube.com/watch?v=wIE5wwvicew
Bob Marley & The Wailers,No Woman No Cry,1976,https://www.youtube.com/watch?v=IT8XvzIfi4U
Queen,Tie Your Mother Down,1976,https://www.youtube.com/watch?v=uS8-ih9VXhA
Howard Carpendale,Tür an Tür mit Alice,1976,https://www.youtube.com/watch?v=eWJkNg_n4DE
Peter Maffay,Und es war Sommer,1976,https://www.youtube.com/watch?v=DSyWrudKkfE
Peter Alexander,Die kleine Kneipe,1976,https://www.youtube.com/watch?v=HxBzyt8J_S4
Candi Staton,Young Hearts Run Free,1976,https://www.youtube.com/watch?v=O2u_kEUhBRI
Boney M.,Daddy Cool,1976,https://www.youtube.com/watch?v=aOKhjCM38QQ
Kansas,Carry On Wayward Son,1976,https://www.youtube.com/watch?v=2X_2IdybTV0
Bellamy Brothers,Let Your Love Flow,1976,https://www.youtube.com/watch?v=J4Bl_VQ2inM
Marianne Rosenberg,Marleen,1976,https://www.youtube.com/watch?v=x41IzYLmFLE
Wolfgang Ambros,Schifoan,1976,https://www.youtube.com/watch?v=mNkEs0bEe9s
Puhdys,Alt wie ein Baum,1976,https://www.youtube.com/watch?v=WH-Aoz1akXo
AC/DC,T.N.T.,1975,https://www.youtube.com/watch?v=CiJeSSzu9Bo
ABBA,Mamma Mia,1975,https://www.youtube.com/watch?v=U4Sm7v6PDY8
The Rocky Horror Picture Show,Time Warp,1975,https://www.youtube.com/watch?v=ZanHo6Wn1H4
Marianne Rosenberg,Er gehört zu mir,1975,https://www.youtube.com/watch?v=s3EMTAr-UBY
KISS,Rock And Roll All Nite,1975,https://www.youtube.com/watch?v=zjdgmAvh-dI
ABBA,S.O.S.,1975,https://www.youtube.com/watch?v=aKXAN-bcwRo
Queen,You’re My Best Friend,1975,https://www.youtube.com/watch?v=Jp3fu05GdsM
ABBA,Waterloo,1974,https://www.youtube.com/watch?v=k4LgdIvwF38
Udo Jürgens,Griechischer Wein,1974,https://www.youtube.com/watch?v=D8hAhqDcVRA
Reinhard Mey,Über den Wolken,1974,https://www.youtube.com/watch?v=t6wbWDip_-8
Nina Hagen,Du hast den Farbfilm vergessen,1974,https://www.youtube.com/watch?v=EKe9ybFDQ1A
Carl Douglas,Kung Fu Fighting,1974,https://www.youtube.com/watch?v=3-yCjw7OjS8
Lynyrd Skynyrd,Sweet Home Alabama,1974,https://www.youtube.com/watch?v=-p8GXZcdrIk
Queen,Killer Queen,1974,https://www.youtube.com/watch?v=9icabPLI7Jk
Michael Holm,Tränen lügen nicht,1974,https://www.youtube.com/watch?v=52FvIZeOW74
Gitte,So schön kann doch kein Mann sein,1974,https://www.youtube.com/watch?v=gYYSwERpOJ4
Elton John,Candle In The Wind,1973,https://www.youtube.com/watch?v=OefdqK3jKi0
Dolly Parton,Jolene,1973,https://www.youtube.com/watch?v=Ixrje2rXLMA
Rex Gildo,Fiesta Mexicana,1973,https://www.youtube.com/watch?v=7h3yvQCmoMU
Billy Joel,Piano Man,1973,https://www.youtube.com/watch?v=QwVjTlTdIDQ
Aerosmith,Dream On,1973,https://www.youtube.com/watch?v=kR4zpS-ky9o
Chris Roberts,Du kannst nicht immer siebzehn sein,1973,https://www.youtube.com/watch?v=9RSEDoTcXNo
Stevie Wonder,Superstition,1972,https://www.youtube.com/watch?v=2PJ__4Nzzkk
Elton John,Rocket Man,1972,https://www.youtube.com/watch?v=fOWCoRr-wqc
Deep Purple,Smoke On The Water,1972,https://www.youtube.com/watch?v=7MibW8t5DbI
Roberto Blanco,Ein bißchen Spaß muß sein,1972,https://www.youtube.com/watch?v=x2dTtjXDIn4
Juliane Werding,Am Tag als Conny Kramer starb,1972,https://www.youtube.com/watch?v=w65nxvwJ7UI
Bernd Clüver,Der Junge mit der Mundharmonika (ZDF Hitparade 1973),1972,https://www.youtube.com/watch?v=e_D5rlZ4vhA
Cindy & Bert,Immer wieder sonntags,1972,https://www.youtube.com/watch?v=JlUSsUKNAxM
Jürgen Marcus,Eine neue Liebe ist wie ein neues Leben,1972,https://www.youtube.com/watch?v=hrxB1gOdga8
Bata Illic,Michaela,1972,https://www.youtube.com/watch?v=0pr4r5_2DmI
David Bowie,Life On Mars?,1971,https://www.youtube.com/watch?v=AZKcl4-tcuo
Bläck Fööss,Drink doch eine met,1971,https://www.youtube.com/watch?v=CWIvUOkFong
Tina Turner,Proud Mary,1971,https://www.youtube.com/watch?v=8XhamQw-2TQ
John Lennon & The Plastic Ono Band,Imagine,1971,https://www.youtube.com/watch?v=bNnFFKv_NyI
John Denver,"Take Me Home, Country Roads",1971,https://www.youtube.com/watch?v=1vrEljMfXYo
Roy Black & Anita,Schön ist es auf der Welt zu sein (Album Version),1971,https://www.youtube.com/watch?v=k0cXrif6OQQ
Tony Marshall,Schöne Maid,1971,https://www.youtube.com/watch?v=VWAG1ydt968
Astrid Lindgren,"Hey, Pippi Langstrumpf",1971,https://www.youtube.com/watch?v=lPOdvUUw6dc
Wishful Thinking,Hiroshima,1970,https://www.youtube.com/watch?v=7coD3oeAve4
The Beatles,Let It Be,1970,https://www.youtube.com/watch?v=dSSqHhAqxrk
Wencke Myhre,Er hat ein knallrotes Gummiboot,1970,https://www.youtube.com/watch?v=YJrQiv-FHEg
Black Sabbath,Paranoid,1970,https://www.youtube.com/watch?v=BOTIIw76qiE
Elton John,Your Song,1970,https://www.youtube.com/watch?v=Y1gYc1F-BeA
Edwin Starr,War,1970,https://www.youtube.com/watch?v=01-2pNCZiNk
David Bowie,Space Oddity,1969,https://www.youtube.com/watch?v=9_M3uw29U1U
Elvis Presley,Suspicious Minds,1969,https://www.youtube.com/watch?v=RxOBOhRECoo
Frank Sinatra,My Way,1969,https://www.youtube.com/watch?v=6pcwq2usV7Y
The Beatles,Come Together,1969,https://www.youtube.com/watch?v=FQPleNP1zRU
Steppenwolf,Born to be Wild,1968,https://www.youtube.com/watch?v=egMWlD3fLJ8
The Beatles,Hey Jude,1968,https://www.youtube.com/watch?v=E5nFPKQ1d4I
Aretha Franklin,Respect,1967,https://www.youtube.com/watch?v=A134hShx_gw
Marvin Gaye & Tammi Terrell,Ain't No Mountain High Enough,1967,https://www.youtube.com/watch?v=eu2gAqn4I2A
Disney’s Das Dschungelbuch,Probier’s mal mit Gemütlichkeit,1967,https://www.youtube.com/watch?v=Bp_5viK2lTo
Louis Armstrong,What A Wonderful World,1967,https://www.youtube.com/watch?v=A3yCcXgbKrE
The Rolling Stones,Paint It Black,1966,https://www.youtube.com/watch?v=O4irXQhgMqg
The Beatles,Yellow Submarine,1966,https://www.youtube.com/watch?v=rINa_BbHzZs
Drafi Deutscher,"Marmor, Stein und Eisen bricht",1965,https://www.youtube.com/watch?v=_74YzFnQbzg
Sonny & Cher,I Got You Babe,1965,https://www.youtube.com/watch?v=HKGjCPBSG38
The Beatles,Yesterday,1965,https://www.youtube.com/watch?v=Gxpeenmre6U
The Beatles,Help!,1965,https://www.youtube.com/watch?v=Po5ti70U0bc
The Rolling Stones,(I Can’t Get No) Satisfaction,1965,https://www.youtube.com/watch?v=nrIPxlFzDi0
The Mamas & The Papas,California Dreamin’,1965,https://www.youtube.com/watch?v=hUDlxAtC6mc
Udo Jürgens,"Siebzehn Jahr, blondes Haar",1965,https://www.youtube.com/watch?v=SBjxD2_-fuY
The Temptations,My Girl,1964,https://www.youtube.com/watch?v=y3KJ7d2qBoA
Roy Orbison,"Oh, Pretty Woman",1964,https://www.youtube.com/watch?v=9yGFWYP3310
Simon & Garfunkel,The Sound Of Silence,1964,https://www.youtube.com/watch?v=0tPPGhTF8zU
Petula Clark,Downtown,1964,https://www.youtube.com/watch?v=wOd5rLvzs3c
Siw Malmkvist,Liebeskummer lohnt sich nicht (Album Version),1964,https://www.youtube.com/watch?v=mUUJxMiznfc
The Animals,The House Of The Rising Sun,1964,https://www.youtube.com/watch?v=aac5heIaz1M
The Supremes,Baby Love,1964,https://www.youtube.com/watch?v=D6QF4sB40gU
Johnny Cash,Ring Of Fire,1963,https://www.youtube.com/watch?v=5WyLhwYFgmk
Ben E. King,Stand by me,1961,https://www.youtube.com/watch?v=7rZyI7kPZMI
Ray Charles,Hit The Road Jack,1961,https://www.youtube.com/watch?v=uSiHqxgE2d0
Sam Cooke,Wonderful World,1960,https://www.youtube.com/watch?v=R4GLAKEjU4w
Gus Backus,Da sprach der alte Häuptling der Indianer,1960,https://www.youtube.com/watch?v=nr6GyinkWr0
Rocco Granata & The Carnations,Marina (Remix '89),1959,https://www.youtube.com/watch?v=m_GCzIFdrME
Johnny Cash,I Walk The Line,1956,https://www.youtube.com/watch?v=1okN-dOy8Zk
